latitude,longitude,acq_date,acq_time,satellite,instrument,year,month,week,Mandal_Nam,Dist_Name,confidence
16.05964,78.5348,2023-02-12,800,N,VIIRS,2023,2,6,Kollapur,Nagarkurnool,50
16.0602,78.53841,2023-02-12,800,N,VIIRS,2023,2,6,Kollapur,Nagarkurnool,50
16.06033,78.53378,2023-02-12,847,1,VIIRS,2023,2,6,Kollapur,Nagarkurnool,50
16.0608,78.53876,2023-02-12,847,1,VIIRS,2023,2,6,Kollapur,Nagarkurnool,50
16.06185,78.52681,2023-02-12,839,A,MODIS,2023,2,6,Kollapur,Nagarkurnool,58
16.0621,78.5253,2023-02-12,847,1,VIIRS,2023,2,6,Kollapur,Nagarkurnool,50
16.06296,78.53426,2023-02-12,800,N,VIIRS,2023,2,6,Kollapur,Nagarkurnool,50
16.0631,78.53513,2023-02-12,847,1,VIIRS,2023,2,6,Kollapur,Nagarkurnool,50
16.06353,78.53787,2023-02-12,800,N,VIIRS,2023,2,6,Kollapur,Nagarkurnool,50
16.06361,78.54008,2023-02-12,847,1,VIIRS,2023,2,6,Kollapur,Nagarkurnool,50
16.06568,78.52322,2023-02-12,847,1,VIIRS,2023,2,6,Kollapur,Nagarkurnool,50
16.15183,77.76428,2023-02-12,800,N,VIIRS,2023,2,6,Maldakal,Jogulamba Gadwal,50
16.15519,77.76371,2023-02-12,800,N,VIIRS,2023,2,6,Maldakal,Jogulamba Gadwal,50
16.24229,78.36381,2023-02-11,726,1,VIIRS,2023,2,6,Peddakothapalle,Nagarkurnool,50
16.34936,78.91978,2023-02-11,726,1,VIIRS,2023,2,6,Amrabad,Nagarkurnool,50
16.36415,78.42766,2023-02-11,817,N,VIIRS,2023,2,6,Telkapalle,Nagarkurnool,50
16.39435,77.56058,2023-02-11,726,1,VIIRS,2023,2,6,Makthal,Narayanpet,100
16.40812,77.43964,2023-02-12,800,N,VIIRS,2023,2,6,Krishna,Narayanpet,50
16.4272,77.9675,2023-02-12,847,1,VIIRS,2023,2,6,Peddamandaddi,Wanaparthy,50
16.43262,77.57066,2023-02-12,800,N,VIIRS,2023,2,6,Makthal,Narayanpet,50
16.44261,78.84273,2023-02-12,800,N,VIIRS,2023,2,6,Achampet,Nagarkurnool,50
16.45157,77.88403,2023-02-12,800,N,VIIRS,2023,2,6,Addakal,Mahabubnagar,50
16.45493,77.88346,2023-02-12,800,N,VIIRS,2023,2,6,Addakal,Mahabubnagar,50
16.47979,77.45037,2023-02-12,800,N,VIIRS,2023,2,6,Maganoor,Narayanpet,50
16.51611,77.65424,2023-02-11,726,1,VIIRS,2023,2,6,Narva,Narayanpet,50
16.51924,78.98355,2023-02-11,726,1,VIIRS,2023,2,6,Chandampet,Nalgonda,50
16.55195,78.19746,2023-02-11,726,1,VIIRS,2023,2,6,Bijinapalle,Nagarkurnool,50
16.58838,77.49889,2023-02-11,726,1,VIIRS,2023,2,6,Utkoor,Narayanpet,50
16.61972,77.85182,2023-02-11,817,N,VIIRS,2023,2,6,Devarkadra,Mahabubnagar,50
16.62339,77.85128,2023-02-11,817,N,VIIRS,2023,2,6,Devarkadra,Mahabubnagar,50
16.69505,77.63466,2023-02-12,707,1,VIIRS,2023,2,6,Narayanpet,Narayanpet,50
16.69556,77.63381,2023-02-12,707,1,VIIRS,2023,2,6,Narayanpet,Narayanpet,50
16.69665,77.5165,2023-02-12,707,1,VIIRS,2023,2,6,Utkoor,Narayanpet,50
16.698,77.63441,2023-02-12,847,1,VIIRS,2023,2,6,Narayanpet,Narayanpet,50
16.71048,79.60754,2023-02-12,800,N,VIIRS,2023,2,6,Damaracherla,Nalgonda,50
16.71108,79.60756,2023-02-12,847,1,VIIRS,2023,2,6,Damaracherla,Nalgonda,50
16.85914,79.67954,2023-02-11,817,N,VIIRS,2023,2,6,Nereducherla,Suryapet,50
16.88387,78.23055,2023-02-11,726,1,VIIRS,2023,2,6,Rajapur,Mahabubnagar,50
16.88449,78.23122,2023-02-11,726,1,VIIRS,2023,2,6,Rajapur,Mahabubnagar,50
16.8975,80.365,2023-02-11,726,1,VIIRS,2023,2,6,Madhira,Khammam,50
16.91297,78.2074,2023-02-12,800,N,VIIRS,2023,2,6,Balanagar,Mahabubnagar,50
16.95155,80.3179,2023-02-12,455,T,MODIS,2023,2,6,Bonakal,Khammam,61
17.00719,80.09818,2023-02-11,817,N,VIIRS,2023,2,6,Mudigonda,Khammam,50
17.01349,77.50426,2023-02-11,726,1,VIIRS,2023,2,6,Doulthabad,Vikarabad,50
17.0715,78.07951,2023-02-12,847,1,VIIRS,2023,2,6,Kondurg,Rangareddy,50
17.07244,78.08131,2023-02-12,847,1,VIIRS,2023,2,6,Kondurg,Rangareddy,50
17.07911,78.57991,2023-02-12,800,N,VIIRS,2023,2,6,Kandukur,Rangareddy,50
17.08105,78.09589,2023-02-11,2050,N,VIIRS,2023,2,6,Farooqnagar,Rangareddy,50
17.11164,78.90279,2023-02-12,800,N,VIIRS,2023,2,6,Narayanapoor,Yadadri Bhuvanagiri,50
17.1158,80.04343,2023-02-11,817,N,VIIRS,2023,2,6,Nelakondapally,Khammam,50
17.13604,79.96734,2023-02-11,817,N,VIIRS,2023,2,6,Kusumanchi,Khammam,50
17.13673,79.96758,2023-02-11,817,N,VIIRS,2023,2,6,Kusumanchi,Khammam,50
17.14429,78.17455,2023-02-12,800,N,VIIRS,2023,2,6,Nandigama,Rangareddy,50
17.14664,78.22414,2023-02-11,2050,N,VIIRS,2023,2,6,Nandigama,Rangareddy,50
17.16017,78.29414,2023-02-11,1957,1,VIIRS,2023,2,6,Kothur,Rangareddy,50
17.16092,78.99326,2023-02-11,1957,1,VIIRS,2023,2,6,Munugode,Nalgonda,50
17.16149,77.93575,2023-02-12,800,N,VIIRS,2023,2,6,Pargi,Vikarabad,50
17.16181,78.29227,2023-02-11,1957,1,VIIRS,2023,2,6,Kothur,Rangareddy,50
17.18395,79.44627,2023-02-12,847,1,VIIRS,2023,2,6,Kethepally,Nalgonda,50
17.21256,78.41585,2023-02-12,800,N,VIIRS,2023,2,6,Shamshabad,Rangareddy,50
17.23686,78.61378,2023-02-12,847,1,VIIRS,2023,2,6,Ibrahimpatnam,Rangareddy,50
17.24547,78.08648,2023-02-12,800,N,VIIRS,2023,2,6,Shabad,Rangareddy,50
17.25956,77.70351,2023-02-12,847,1,VIIRS,2023,2,6,Yelal,Vikarabad,50
17.2747,77.79968,2023-02-11,726,1,VIIRS,2023,2,6,Dharoor,Vikarabad,50
17.27534,77.80289,2023-02-11,726,1,VIIRS,2023,2,6,Dharoor,Vikarabad,50
17.28182,78.80185,2023-02-11,817,N,VIIRS,2023,2,6,Choutuppal,Yadadri Bhuvanagiri,50
17.29353,77.84615,2023-02-11,820,N,VIIRS,2023,2,6,Vikarabad,Vikarabad,50
17.29783,77.91201,2023-02-12,847,1,VIIRS,2023,2,6,Vikarabad,Vikarabad,50
17.30707,80.16923,2023-02-12,707,1,VIIRS,2023,2,6,Khammam_Urban,Khammam,50
17.31232,78.21434,2023-02-11,1957,1,VIIRS,2023,2,6,Moinabad,Rangareddy,50
17.34264,78.06994,2023-02-12,839,A,MODIS,2023,2,6,Chevella,Rangareddy,77
17.34272,77.58567,2023-02-12,839,A,MODIS,2023,2,6,Peddemul,Vikarabad,70
17.34439,78.08421,2023-02-12,839,A,MODIS,2023,2,6,Chevella,Rangareddy,72
17.34847,77.59303,2023-02-12,847,1,VIIRS,2023,2,6,Peddemul,Vikarabad,50
17.34967,78.58165,2023-02-12,800,N,VIIRS,2023,2,6,Saroornagar,Rangareddy,50
17.35107,78.07719,2023-02-12,847,1,VIIRS,2023,2,6,Chevella,Rangareddy,50
17.35633,77.97017,2023-02-11,756,A,MODIS,2023,2,6,Vikarabad,Vikarabad,63
17.35672,77.50762,2023-02-11,726,1,VIIRS,2023,2,6,Tandur,Vikarabad,50
17.36067,78.54282,2023-02-12,800,N,VIIRS,2023,2,6,Saroornagar,Rangareddy,50
17.36141,77.92572,2023-02-11,726,1,VIIRS,2023,2,6,Vikarabad,Vikarabad,50
17.36519,77.53979,2023-02-12,800,N,VIIRS,2023,2,6,Tandur,Vikarabad,50
17.36795,77.53549,2023-02-12,800,N,VIIRS,2023,2,6,Tandur,Vikarabad,50
17.36855,77.53922,2023-02-12,800,N,VIIRS,2023,2,6,Tandur,Vikarabad,50
17.42518,78.12666,2023-02-12,800,N,VIIRS,2023,2,6,Shankarpalle,Rangareddy,50
17.42847,78.0493,2023-02-11,726,1,VIIRS,2023,2,6,Nawabpet,Vikarabad,50
17.42908,77.98766,2023-02-12,847,1,VIIRS,2023,2,6,Nawabpet,Vikarabad,50
17.43617,78.04585,2023-02-11,756,A,MODIS,2023,2,6,Nawabpet,Vikarabad,82
17.44291,78.05184,2023-02-11,820,N,VIIRS,2023,2,6,Nawabpet,Vikarabad,50
17.44436,77.62563,2023-02-12,800,N,VIIRS,2023,2,6,Peddemul,Vikarabad,50
17.44688,77.78436,2023-02-11,726,1,VIIRS,2023,2,6,Kotepally,Vikarabad,50
17.44754,77.78757,2023-02-11,726,1,VIIRS,2023,2,6,Kotepally,Vikarabad,50
17.44943,77.78433,2023-02-11,726,1,VIIRS,2023,2,6,Kotepally,Vikarabad,50
17.45007,77.78756,2023-02-11,726,1,VIIRS,2023,2,6,Kotepally,Vikarabad,50
17.45807,78.70876,2023-02-12,707,1,VIIRS,2023,2,6,Ghatkesar,Medchal_Malkajgiri,50
17.46421,80.65578,2023-02-11,1957,1,VIIRS,2023,2,6,Chunchupally,Bhadradri Kothagudem,50
17.46833,77.70674,2023-02-11,726,1,VIIRS,2023,2,6,Marpalle,Vikarabad,50
17.47166,80.20422,2023-02-11,1957,1,VIIRS,2023,2,6,Singareni,Khammam,50
17.47219,77.95932,2023-02-11,726,1,VIIRS,2023,2,6,Mominpet,Vikarabad,50
17.47281,77.96234,2023-02-11,726,1,VIIRS,2023,2,6,Mominpet,Vikarabad,50
17.4731,78.65675,2023-02-12,800,N,VIIRS,2023,2,6,Keesara,Medchal_Malkajgiri,50
17.47347,77.95977,2023-02-11,726,1,VIIRS,2023,2,6,Mominpet,Vikarabad,100
17.47407,77.96279,2023-02-11,726,1,VIIRS,2023,2,6,Mominpet,Vikarabad,50
17.47722,77.95822,2023-02-11,726,1,VIIRS,2023,2,6,Mominpet,Vikarabad,50
17.47925,77.93575,2023-02-11,726,1,VIIRS,2023,2,6,Mominpet,Vikarabad,50
17.4829,77.80715,2023-02-11,2050,N,VIIRS,2023,2,6,Mominpet,Vikarabad,50
17.48314,78.69442,2023-02-11,726,1,VIIRS,2023,2,6,Ghatkesar,Medchal_Malkajgiri,50
17.48464,79.16923,2023-02-12,707,1,VIIRS,2023,2,6,Athmakur (M),Yadadri Bhuvanagiri,50
17.48603,79.16485,2023-02-12,800,N,VIIRS,2023,2,6,Athmakur (M),Yadadri Bhuvanagiri,50
17.5007,80.84019,2023-02-11,726,1,VIIRS,2023,2,6,Mulakalapally,Bhadradri Kothagudem,50
17.51114,78.00677,2023-02-12,800,N,VIIRS,2023,2,6,Kondapur,Sangareddy,50
17.51447,78.0062,2023-02-12,800,N,VIIRS,2023,2,6,Kondapur,Sangareddy,50
17.51886,78.75346,2023-02-11,726,1,VIIRS,2023,2,6,Bommalaramaram,Yadadri Bhuvanagiri,50
17.52411,79.1563,2023-02-11,726,1,VIIRS,2023,2,6,Athmakur (M),Yadadri Bhuvanagiri,50
17.5258,78.06857,2023-02-11,726,1,VIIRS,2023,2,6,Kondapur,Sangareddy,50
17.52625,79.07276,2023-02-12,800,N,VIIRS,2023,2,6,Motakondur,Yadadri Bhuvanagiri,50
17.53084,77.83247,2023-02-11,726,1,VIIRS,2023,2,6,Marpalle,Vikarabad,50
17.53313,77.83285,2023-02-11,820,N,VIIRS,2023,2,6,Marpalle,Vikarabad,50
17.5355,78.08677,2023-02-11,820,N,VIIRS,2023,2,6,Kandi,Sangareddy,50
17.53659,78.81724,2023-02-11,726,1,VIIRS,2023,2,6,Bommalaramaram,Yadadri Bhuvanagiri,50
17.54438,77.76619,2023-02-12,847,1,VIIRS,2023,2,6,Marpalle,Vikarabad,50
17.55205,77.83363,2023-02-11,2050,N,VIIRS,2023,2,6,Marpalle,Vikarabad,50
17.55547,77.83857,2023-02-11,2050,N,VIIRS,2023,2,6,Marpalle,Vikarabad,50
17.5594,77.84043,2023-02-12,800,N,VIIRS,2023,2,6,Mominpet,Vikarabad,50
17.56791,78.43941,2023-02-12,847,1,VIIRS,2023,2,6,Dundigal Gandimaisamma,Medchal_Malkajgiri,50
17.57155,78.43986,2023-02-12,800,N,VIIRS,2023,2,6,Dundigal Gandimaisamma,Medchal_Malkajgiri,50
17.5735,79.03326,2023-02-11,756,A,MODIS,2023,2,6,Motakondur,Yadadri Bhuvanagiri,70
17.57666,79.03068,2023-02-11,820,N,VIIRS,2023,2,6,Motakondur,Yadadri Bhuvanagiri,50
17.57885,79.03716,2023-02-11,726,1,VIIRS,2023,2,6,Motakondur,Yadadri Bhuvanagiri,50
17.57914,80.83874,2023-02-12,455,T,MODIS,2023,2,6,Palvancha,Bhadradri Kothagudem,68
17.57987,79.03453,2023-02-11,726,1,VIIRS,2023,2,6,Motakondur,Yadadri Bhuvanagiri,100
17.58046,80.82932,2023-02-12,455,T,MODIS,2023,2,6,Palvancha,Bhadradri Kothagudem,55
17.58064,79.03012,2023-02-11,820,N,VIIRS,2023,2,6,Yadagirigutta,Yadadri Bhuvanagiri,50
17.5898,80.77946,2023-02-11,817,N,VIIRS,2023,2,6,Palvancha,Bhadradri Kothagudem,50
17.59159,77.72573,2023-02-11,728,1,VIIRS,2023,2,6,Kohir,Sangareddy,50
17.59164,77.7383,2023-02-12,847,1,VIIRS,2023,2,6,Kohir,Sangareddy,50
17.60011,77.52245,2023-02-11,728,1,VIIRS,2023,2,6,Mogudampally,Sangareddy,50
17.60788,79.18132,2023-02-11,820,N,VIIRS,2023,2,6,Lingalaghanpur,Jangoan,50
17.60845,80.33952,2023-02-12,800,N,VIIRS,2023,2,6,Yellandu,Bhadradri Kothagudem,50
17.60949,80.19759,2023-02-11,820,N,VIIRS,2023,2,6,Bayyaram,Mahabubabad,50
17.61715,80.39983,2023-02-12,800,N,VIIRS,2023,2,6,Yellandu,Bhadradri Kothagudem,50
17.61897,79.26929,2023-02-11,820,N,VIIRS,2023,2,6,Lingalaghanpur,Jangoan,50
17.63284,77.63444,2023-02-11,820,N,VIIRS,2023,2,6,Zahirabad,Sangareddy,50
17.633,77.75198,2023-02-12,800,N,VIIRS,2023,2,6,Kohir,Sangareddy,50
17.6358,78.17585,2023-02-12,800,N,VIIRS,2023,2,6,Hathnoora,Sangareddy,50
17.63902,77.85619,2023-02-11,728,1,VIIRS,2023,2,6,Sadasivpet,Sangareddy,50
17.64212,80.6894,2023-02-11,817,N,VIIRS,2023,2,6,Palvancha,Bhadradri Kothagudem,50
17.64578,79.43974,2023-02-11,726,1,VIIRS,2023,2,6,Palakurthy,Jangoan,50
17.65017,77.52125,2023-02-12,847,1,VIIRS,2023,2,6,Mogudampally,Sangareddy,50
17.65225,77.51873,2023-02-12,847,1,VIIRS,2023,2,6,Mogudampally,Sangareddy,50
17.65714,77.87266,2023-02-11,820,N,VIIRS,2023,2,6,Munipally,Sangareddy,50
17.66222,77.45672,2023-02-11,728,1,VIIRS,2023,2,6,Mogudampally,Sangareddy,50
17.6858,78.68746,2023-02-11,756,A,MODIS,2023,2,6,Muduchinthalaphally,Medchal_Malkajgiri,63
17.68877,78.69221,2023-02-11,820,N,VIIRS,2023,2,6,Mulug,Siddipet,50
17.69081,78.69342,2023-02-11,726,1,VIIRS,2023,2,6,Mulug,Siddipet,50
17.69267,78.69166,2023-02-11,820,N,VIIRS,2023,2,6,Mulug,Siddipet,50
17.69655,78.54134,2023-02-11,820,N,VIIRS,2023,2,6,Mulug,Siddipet,50
17.70089,80.37153,2023-02-11,820,N,VIIRS,2023,2,6,Yellandu,Bhadradri Kothagudem,50
17.7026,80.37527,2023-02-11,726,1,VIIRS,2023,2,6,Yellandu,Bhadradri Kothagudem,50
17.71284,78.15735,2023-02-12,847,1,VIIRS,2023,2,6,Hathnoora,Sangareddy,50
17.7318,80.36466,2023-02-11,726,1,VIIRS,2023,2,6,Yellandu,Bhadradri Kothagudem,50
17.75229,77.80704,2023-02-11,2050,N,VIIRS,2023,2,6,Munipally,Sangareddy,50
17.75318,77.80592,2023-02-11,2050,N,VIIRS,2023,2,6,Munipally,Sangareddy,50
17.75531,78.32317,2023-02-11,820,N,VIIRS,2023,2,6,Shivampet,Medak,50
17.76201,78.87803,2023-02-11,728,1,VIIRS,2023,2,6,Rajapeta,Yadadri Bhuvanagiri,50
17.76412,78.88003,2023-02-11,820,N,VIIRS,2023,2,6,Rajapeta,Yadadri Bhuvanagiri,50
17.76476,77.59988,2023-02-11,2050,N,VIIRS,2023,2,6,Nyalkal,Sangareddy,50
17.76498,80.99178,2023-02-12,800,N,VIIRS,2023,2,6,Dummugudem,Bhadradri Kothagudem,50
17.76887,80.27112,2023-02-12,800,N,VIIRS,2023,2,6,Yellandu,Bhadradri Kothagudem,50
17.77539,80.26867,2023-02-11,1957,1,VIIRS,2023,2,6,Yellandu,Bhadradri Kothagudem,50
17.77651,80.26654,2023-02-11,1957,1,VIIRS,2023,2,6,Yellandu,Bhadradri Kothagudem,50
17.78325,80.41316,2023-02-11,726,1,VIIRS,2023,2,6,Gundala,Bhadradri Kothagudem,50
17.78675,80.40818,2023-02-11,726,1,VIIRS,2023,2,6,Gundala,Bhadradri Kothagudem,50
17.79884,80.29594,2023-02-12,839,A,MODIS,2023,2,6,Gundala,Bhadradri Kothagudem,58
17.82352,80.34426,2023-02-11,1957,1,VIIRS,2023,2,6,Gundala,Bhadradri Kothagudem,50
17.83331,79.99728,2023-02-12,847,1,VIIRS,2023,2,6,Gudur,Mahabubabad,50
17.83655,79.99709,2023-02-12,800,N,VIIRS,2023,2,6,Gudur,Mahabubabad,50
17.83764,79.01147,2023-02-12,707,1,VIIRS,2023,2,6,Bachannapet,Jangoan,50
17.83818,79.01252,2023-02-12,800,N,VIIRS,2023,2,6,Bachannapet,Jangoan,50
17.83882,79.01676,2023-02-12,707,1,VIIRS,2023,2,6,Bachannapet,Jangoan,100
17.84989,78.22047,2023-02-12,847,1,VIIRS,2023,2,6,Kowdipally,Medak,50
17.87041,77.73965,2023-02-11,728,1,VIIRS,2023,2,6,Raikode,Sangareddy,50
17.88219,77.68309,2023-02-12,707,1,VIIRS,2023,2,6,Nyalkal,Sangareddy,100
17.88363,77.68933,2023-02-12,707,1,VIIRS,2023,2,6,Nyalkal,Sangareddy,50
17.88467,78.03963,2023-02-12,800,N,VIIRS,2023,2,6,Andole,Sangareddy,50
17.89802,80.00388,2023-02-11,820,N,VIIRS,2023,2,6,Kothaguda,Mahabubabad,50
17.91673,79.99641,2023-02-12,847,1,VIIRS,2023,2,6,Khanapur,Warangal,50
17.91778,79.99624,2023-02-12,847,1,VIIRS,2023,2,6,Khanapur,Warangal,50
17.92706,80.47272,2023-02-11,820,N,VIIRS,2023,2,6,Allapalli,Bhadradri Kothagudem,50
17.94626,78.88562,2023-02-11,728,1,VIIRS,2023,2,6,Komuravelli,Siddipet,50
17.94855,78.44499,2023-02-11,728,1,VIIRS,2023,2,6,Chegunta,Medak,50
17.95347,79.43712,2023-02-11,820,N,VIIRS,2023,2,6,Dharmasagar,Hanumakonda,50
17.9552,80.80023,2023-02-11,2050,N,VIIRS,2023,2,6,Manuguru,Bhadradri Kothagudem,50
17.95804,80.80325,2023-02-11,1957,1,VIIRS,2023,2,6,Manuguru,Bhadradri Kothagudem,50
17.96391,77.68852,2023-02-11,728,1,VIIRS,2023,2,6,Manoor,Sangareddy,50
17.97118,79.98752,2023-02-11,728,1,VIIRS,2023,2,6,Khanapur,Warangal,50
17.98837,80.00043,2023-02-11,820,N,VIIRS,2023,2,6,Kothaguda,Mahabubabad,50
17.99522,79.67635,2023-02-12,800,N,VIIRS,2023,2,6,Geesugonda,Warangal,50
18.01048,80.06033,2023-02-12,800,N,VIIRS,2023,2,6,Kothaguda,Mahabubabad,50
18.01249,80.10029,2023-02-11,820,N,VIIRS,2023,2,6,Kothaguda,Mahabubabad,50
18.01806,77.58846,2023-02-11,1957,1,VIIRS,2023,2,6,Nagalgidda,Sangareddy,50
18.02108,78.46754,2023-02-11,820,N,VIIRS,2023,2,6,Narsingi,Medak,50
18.02513,80.06048,2023-02-11,820,N,VIIRS,2023,2,6,Kothaguda,Mahabubabad,50
18.02738,80.05912,2023-02-11,756,A,MODIS,2023,2,6,Kothaguda,Mahabubabad,81
18.03114,80.03828,2023-02-11,820,N,VIIRS,2023,2,6,Kothaguda,Mahabubabad,50
18.03136,80.04192,2023-02-11,728,1,VIIRS,2023,2,6,Kothaguda,Mahabubabad,50
18.03464,79.99622,2023-02-11,1957,1,VIIRS,2023,2,6,Nallabelli,Warangal,50
18.03594,79.9966,2023-02-11,2050,N,VIIRS,2023,2,6,Nallabelli,Warangal,50
18.03683,80.05231,2023-02-12,800,N,VIIRS,2023,2,6,Kothaguda,Mahabubabad,50
18.03973,80.02512,2023-02-12,800,N,VIIRS,2023,2,6,Kothaguda,Mahabubabad,50
18.04018,80.04131,2023-02-11,820,N,VIIRS,2023,2,6,Kothaguda,Mahabubabad,50
18.04151,77.84672,2023-02-11,820,N,VIIRS,2023,2,6,Narayankhed,Sangareddy,50
18.04236,80.02383,2023-02-12,707,1,VIIRS,2023,2,6,Kothaguda,Mahabubabad,50
18.04255,80.02085,2023-02-12,800,N,VIIRS,2023,2,6,Kothaguda,Mahabubabad,50
18.04258,77.84794,2023-02-11,820,N,VIIRS,2023,2,6,Narayankhed,Sangareddy,50
18.04309,80.02459,2023-02-12,800,N,VIIRS,2023,2,6,Kothaguda,Mahabubabad,100
18.04447,80.04089,2023-02-11,820,N,VIIRS,2023,2,6,Kothaguda,Mahabubabad,50
18.04591,80.02033,2023-02-12,800,N,VIIRS,2023,2,6,Kothaguda,Mahabubabad,50
18.0484,80.00206,2023-02-11,820,N,VIIRS,2023,2,6,Kothaguda,Mahabubabad,50
18.04997,80.46117,2023-02-11,728,1,VIIRS,2023,2,6,Karakagudem,Bhadradri Kothagudem,50
18.0509,79.99316,2023-02-11,1957,1,VIIRS,2023,2,6,Nallabelli,Warangal,50
18.05264,80.01929,2023-02-12,800,N,VIIRS,2023,2,6,Kothaguda,Mahabubabad,50
18.05761,80.18047,2023-02-12,847,1,VIIRS,2023,2,6,Tadvai (Sammakka Sarakka),Mulugu,50
18.05806,80.17973,2023-02-12,707,1,VIIRS,2023,2,6,Tadvai (Sammakka Sarakka),Mulugu,50
18.05878,80.17916,2023-02-12,800,N,VIIRS,2023,2,6,Tadvai (Sammakka Sarakka),Mulugu,50
18.05915,80.17807,2023-02-12,707,1,VIIRS,2023,2,6,Tadvai (Sammakka Sarakka),Mulugu,50
18.06075,78.36775,2023-02-11,820,N,VIIRS,2023,2,6,Shankarampet_R,Medak,50
18.06215,80.17862,2023-02-12,800,N,VIIRS,2023,2,6,Tadvai (Sammakka Sarakka),Mulugu,50
18.06391,80.01425,2023-02-12,800,N,VIIRS,2023,2,6,Kothaguda,Mahabubabad,50
18.0646,78.36726,2023-02-11,820,N,VIIRS,2023,2,6,Shankarampet_R,Medak,50
18.07283,78.70763,2023-02-11,820,N,VIIRS,2023,2,6,Mirdoddi,Siddipet,50
18.07529,78.96435,2023-02-11,728,1,VIIRS,2023,2,6,Nangnoor,Siddipet,50
18.07629,78.96951,2023-02-11,728,1,VIIRS,2023,2,6,Nangnoor,Siddipet,50
18.07877,80.00253,2023-02-11,820,N,VIIRS,2023,2,6,Nallabelli,Warangal,50
18.07893,80.10928,2023-02-11,820,N,VIIRS,2023,2,6,Kothaguda,Mahabubabad,50
18.0793,80.00676,2023-02-11,820,N,VIIRS,2023,2,6,Nallabelli,Warangal,50
18.08016,80.0078,2023-02-12,800,N,VIIRS,2023,2,6,Nallabelli,Warangal,50
18.08249,79.99768,2023-02-11,820,N,VIIRS,2023,2,6,Nallabelli,Warangal,50
18.08296,80.00332,2023-02-11,728,1,VIIRS,2023,2,6,Mulug,Mulugu,50
18.08303,80.00198,2023-02-11,820,N,VIIRS,2023,2,6,Mulug,Mulugu,50
18.08574,79.99669,2023-02-11,2050,N,VIIRS,2023,2,6,Mulug,Mulugu,50
18.08872,80.00005,2023-02-11,2050,N,VIIRS,2023,2,6,Mulug,Mulugu,50
18.12193,78.38667,2023-02-12,800,N,VIIRS,2023,2,6,Ramayampet,Medak,50
18.12494,80.05463,2023-02-11,728,1,VIIRS,2023,2,6,Mulug,Mulugu,50
18.15973,79.05271,2023-02-12,707,1,VIIRS,2023,2,6,Koheda,Siddipet,50
18.16079,79.9157,2023-02-11,1957,1,VIIRS,2023,2,6,Mulug,Mulugu,50
18.16203,79.05135,2023-02-12,800,N,VIIRS,2023,2,6,Koheda,Siddipet,50
18.16516,79.90785,2023-02-11,728,1,VIIRS,2023,2,6,Mulug,Mulugu,50
18.17112,78.22523,2023-02-12,800,N,VIIRS,2023,2,6,Havelighanpur,Medak,50
18.25644,78.16195,2023-02-12,847,1,VIIRS,2023,2,6,Lingampet,Kamareddy,50
18.32989,77.85359,2023-02-12,800,N,VIIRS,2023,2,6,Pitlam,Kamareddy,50
18.34519,80.71053,2023-02-11,728,1,VIIRS,2023,2,6,Venkatapuram,Mulugu,50
18.34598,80.71471,2023-02-11,728,1,VIIRS,2023,2,6,Venkatapuram,Mulugu,50
18.34793,80.71258,2023-02-11,820,N,VIIRS,2023,2,6,Venkatapuram,Mulugu,50
18.34845,80.71699,2023-02-11,820,N,VIIRS,2023,2,6,Venkatapuram,Mulugu,50
18.35313,77.95861,2023-02-12,800,N,VIIRS,2023,2,6,Gandhari,Kamareddy,50
18.35354,80.70111,2023-02-12,800,N,VIIRS,2023,2,6,Venkatapuram,Mulugu,50
18.35375,80.68727,2023-02-11,728,1,VIIRS,2023,2,6,Venkatapuram,Mulugu,50
18.35505,80.60743,2023-02-12,707,1,VIIRS,2023,2,6,Venkatapuram,Mulugu,50
18.3579,80.68639,2023-02-11,728,1,VIIRS,2023,2,6,Venkatapuram,Mulugu,50
18.35819,80.68405,2023-02-11,820,N,VIIRS,2023,2,6,Venkatapuram,Mulugu,50
18.35872,80.68857,2023-02-11,820,N,VIIRS,2023,2,6,Venkatapuram,Mulugu,50
18.36165,80.61269,2023-02-12,800,N,VIIRS,2023,2,6,Venkatapuram,Mulugu,50
18.36337,80.67176,2023-02-12,800,N,VIIRS,2023,2,6,Venkatapuram,Mulugu,50
18.41914,77.96957,2023-02-11,728,1,VIIRS,2023,2,6,Banswada,Kamareddy,50
18.42343,78.08486,2023-02-12,800,N,VIIRS,2023,2,6,Gandhari,Kamareddy,50
18.42793,78.26668,2023-02-11,728,1,VIIRS,2023,2,6,Sadashivnagar,Kamareddy,50
18.42833,77.9417,2023-02-12,800,N,VIIRS,2023,2,6,Banswada,Kamareddy,50
18.42877,77.94518,2023-02-12,707,1,VIIRS,2023,2,6,Banswada,Kamareddy,50
18.43068,78.26138,2023-02-11,756,A,MODIS,2023,2,6,Sadashivnagar,Kamareddy,58
18.43156,77.94587,2023-02-12,707,1,VIIRS,2023,2,6,Banswada,Kamareddy,50
18.43164,77.94112,2023-02-12,800,N,VIIRS,2023,2,6,Banswada,Kamareddy,50
18.43221,77.94476,2023-02-12,800,N,VIIRS,2023,2,6,Banswada,Kamareddy,50
18.43277,78.2656,2023-02-11,728,1,VIIRS,2023,2,6,Sadashivnagar,Kamareddy,50
18.47103,79.10758,2023-02-12,800,N,VIIRS,2023,2,6,Kothapally,Karimnagar,50
18.47585,80.55917,2023-02-12,800,N,VIIRS,2023,2,6,Wazeed,Mulugu,50
18.48041,77.94779,2023-02-12,800,N,VIIRS,2023,2,6,Nasurullabad,Kamareddy,50
18.49648,77.97356,2023-02-11,820,N,VIIRS,2023,2,6,Varni,Nizamabad,50
18.49671,77.97185,2023-02-11,820,N,VIIRS,2023,2,6,Varni,Nizamabad,50
18.51044,79.54035,2023-02-11,820,N,VIIRS,2023,2,6,Srirampur,Peddapalli,50
18.51222,78.02099,2023-02-12,800,N,VIIRS,2023,2,6,Chandur,Nizamabad,50
18.52108,80.49718,2023-02-12,839,A,MODIS,2023,2,6,Wazeed,Mulugu,66
18.52619,80.50039,2023-02-12,707,1,VIIRS,2023,2,6,Wazeed,Mulugu,50
18.52679,80.49966,2023-02-12,800,N,VIIRS,2023,2,6,Wazeed,Mulugu,50
18.52779,80.49744,2023-02-11,1957,1,VIIRS,2023,2,6,Wazeed,Mulugu,50
18.5282,78.14058,2023-02-11,2050,N,VIIRS,2023,2,6,Mugpal,Nizamabad,50
18.52975,80.48265,2023-02-11,1957,1,VIIRS,2023,2,6,Wazeed,Mulugu,50
18.5302,80.49909,2023-02-12,800,N,VIIRS,2023,2,6,Wazeed,Mulugu,50
18.53072,80.48663,2023-02-11,756,A,MODIS,2023,2,6,Wazeed,Mulugu,71
18.5324,78.14147,2023-02-11,2050,N,VIIRS,2023,2,6,Mugpal,Nizamabad,50
18.53268,80.60596,2023-02-12,455,T,MODIS,2023,2,6,Wazeed,Mulugu,55
18.53529,80.48897,2023-02-11,820,N,VIIRS,2023,2,6,Wazeed,Mulugu,50
18.53662,80.59304,2023-02-12,800,N,VIIRS,2023,2,6,Wazeed,Mulugu,50
18.54799,80.59912,2023-02-12,800,N,VIIRS,2023,2,6,Wazeed,Mulugu,50
18.55209,80.59895,2023-02-12,455,T,MODIS,2023,2,6,Wazeed,Mulugu,57
18.55238,80.5959,2023-02-12,707,1,VIIRS,2023,2,6,Wazeed,Mulugu,50
18.55387,78.16283,2023-02-12,800,N,VIIRS,2023,2,6,Mugpal,Nizamabad,50
18.55443,80.59382,2023-02-12,707,1,VIIRS,2023,2,6,Wazeed,Mulugu,50
18.55788,80.58459,2023-02-12,839,A,MODIS,2023,2,6,Wazeed,Mulugu,96
18.57261,78.15215,2023-02-12,800,N,VIIRS,2023,2,6,Mugpal,Nizamabad,50
18.59326,78.87414,2023-02-11,728,1,VIIRS,2023,2,6,Vemulawada Rural,Rajanna Sircilla,50
18.59772,80.40809,2023-02-12,847,1,VIIRS,2023,2,6,Wazeed,Mulugu,100
18.5979,78.87314,2023-02-11,728,1,VIIRS,2023,2,6,Kodimial,Jagtial,50
18.59999,78.7944,2023-02-11,820,N,VIIRS,2023,2,6,Chendurthi,Rajanna Sircilla,50
18.60163,78.79145,2023-02-11,820,N,VIIRS,2023,2,6,Chendurthi,Rajanna Sircilla,50
18.61089,80.47804,2023-02-12,839,A,MODIS,2023,2,6,Wazeed,Mulugu,58
18.61262,78.86097,2023-02-11,1957,1,VIIRS,2023,2,6,Kodimial,Jagtial,50
18.61837,80.48519,2023-02-12,847,1,VIIRS,2023,2,6,Wazeed,Mulugu,50
18.6197,80.46607,2023-02-12,800,N,VIIRS,2023,2,6,Wazeed,Mulugu,50
18.62079,80.47377,2023-02-12,800,N,VIIRS,2023,2,6,Wazeed,Mulugu,50
18.62134,80.47762,2023-02-12,800,N,VIIRS,2023,2,6,Wazeed,Mulugu,50
18.62189,80.48146,2023-02-12,800,N,VIIRS,2023,2,6,Wazeed,Mulugu,50
18.62543,79.44157,2023-02-12,800,N,VIIRS,2023,2,6,Peddapalli,Peddapalli,50
18.64697,78.59402,2023-02-11,820,N,VIIRS,2023,2,6,Rudrangi,Rajanna Sircilla,50
18.65084,78.7493,2023-02-11,820,N,VIIRS,2023,2,6,Kathlapur,Jagtial,50
18.6509,78.5935,2023-02-11,820,N,VIIRS,2023,2,6,Bheemgal,Nizamabad,50
18.65713,78.27109,2023-02-11,728,1,VIIRS,2023,2,6,Jakranpally,Nizamabad,50
18.67375,78.30244,2023-02-12,800,N,VIIRS,2023,2,6,Jakranpally,Nizamabad,50
18.67722,79.87719,2023-02-11,728,1,VIIRS,2023,2,6,Kataram,Jayashankar Bhupalpally,50
18.67848,78.88242,2023-02-11,1957,1,VIIRS,2023,2,6,Kodimial,Jagtial,50
18.6827,78.8829,2023-02-11,1957,1,VIIRS,2023,2,6,Kodimial,Jagtial,50
18.69082,78.65711,2023-02-12,800,N,VIIRS,2023,2,6,Kathlapur,Jagtial,50
18.71845,79.53609,2023-02-11,2050,N,VIIRS,2023,2,6,Ramagiri,Peddapalli,50
18.71949,79.53451,2023-02-11,2050,N,VIIRS,2023,2,6,Ramagiri,Peddapalli,50
18.72267,79.53558,2023-02-11,1957,1,VIIRS,2023,2,6,Ramagiri,Peddapalli,50
18.72284,78.5651,2023-02-11,1957,1,VIIRS,2023,2,6,Kammarpally,Nizamabad,50
18.72303,79.53703,2023-02-11,2050,N,VIIRS,2023,2,6,Ramagiri,Peddapalli,50
18.72408,79.53545,2023-02-11,2050,N,VIIRS,2023,2,6,Ramagiri,Peddapalli,50
18.72671,79.53619,2023-02-11,1957,1,VIIRS,2023,2,6,Ramagiri,Peddapalli,50
18.73331,78.96131,2023-02-11,1957,1,VIIRS,2023,2,6,Mallial,Jagtial,50
18.73394,78.96005,2023-02-11,2050,N,VIIRS,2023,2,6,Mallial,Jagtial,50
18.73612,79.53352,2023-02-11,1957,1,VIIRS,2023,2,6,Ramagiri,Peddapalli,50
18.73659,79.52979,2023-02-11,1957,1,VIIRS,2023,2,6,Ramagundam,Peddapalli,50
18.73874,79.53014,2023-02-11,2050,N,VIIRS,2023,2,6,Ramagundam,Peddapalli,50
18.76053,79.38735,2023-02-11,820,N,VIIRS,2023,2,6,Anthergaon,Peddapalli,50
18.83721,78.57197,2023-02-11,2050,N,VIIRS,2023,2,6,Metpalli,Jagtial,50
18.87903,79.0056,2023-02-12,800,N,VIIRS,2023,2,6,Jagityal_Rural,Jagtial,50
18.88027,79.01766,2023-02-12,707,1,VIIRS,2023,2,6,Buggaram,Jagtial,50
18.88068,79.01653,2023-02-12,800,N,VIIRS,2023,2,6,Buggaram,Jagtial,50
18.88476,79.00504,2023-02-11,2050,N,VIIRS,2023,2,6,Jagityal_Rural,Jagtial,50
18.88519,79.00311,2023-02-11,820,N,VIIRS,2023,2,6,Jagityal_Rural,Jagtial,50
18.88645,79.00645,2023-02-11,1957,1,VIIRS,2023,2,6,Jagityal_Rural,Jagtial,50
18.89715,78.96759,2023-02-11,820,N,VIIRS,2023,2,6,Sarangapur,Jagtial,50
18.91731,79.00298,2023-02-11,2050,N,VIIRS,2023,2,6,Dharmapuri,Jagtial,50
18.91785,79.00105,2023-02-11,1957,1,VIIRS,2023,2,6,Dharmapuri,Jagtial,50
18.91992,78.87844,2023-02-11,1957,1,VIIRS,2023,2,6,Raikal,Jagtial,50
18.92009,78.8769,2023-02-11,1957,1,VIIRS,2023,2,6,Raikal,Jagtial,50
18.92299,78.994,2023-02-11,1957,1,VIIRS,2023,2,6,Sarangapur,Jagtial,50
18.92359,78.99416,2023-02-11,2050,N,VIIRS,2023,2,6,Sarangapur,Jagtial,50
18.92782,78.87727,2023-02-11,2050,N,VIIRS,2023,2,6,Raikal,Jagtial,50
18.92877,78.86681,2023-02-12,800,N,VIIRS,2023,2,6,Raikal,Jagtial,50
18.92912,79.40628,2023-02-12,707,1,VIIRS,2023,2,6,Hajipur,Mancherial,50
18.93084,79.04138,2023-02-12,849,1,VIIRS,2023,2,6,Dharmapuri,Jagtial,50
18.93147,79.40249,2023-02-12,800,N,VIIRS,2023,2,6,Hajipur,Mancherial,50
18.93171,78.87244,2023-02-11,1643,T,MODIS,2023,2,6,Raikal,Jagtial,72
18.93202,79.40617,2023-02-12,800,N,VIIRS,2023,2,6,Hajipur,Mancherial,50
18.93208,78.86626,2023-02-12,800,N,VIIRS,2023,2,6,Raikal,Jagtial,50
18.93326,78.87457,2023-02-11,1957,1,VIIRS,2023,2,6,Raikal,Jagtial,50
18.93354,79.3951,2023-02-12,839,A,MODIS,2023,2,6,Hajipur,Mancherial,55
18.93404,79.39999,2023-02-12,707,1,VIIRS,2023,2,6,Hajipur,Mancherial,50
18.93426,79.39826,2023-02-12,800,N,VIIRS,2023,2,6,Hajipur,Mancherial,50
18.9348,78.90688,2023-02-12,800,N,VIIRS,2023,2,6,Sarangapur,Jagtial,50
18.9348,79.40195,2023-02-12,800,N,VIIRS,2023,2,6,Hajipur,Mancherial,50
18.9351,79.40481,2023-02-12,707,1,VIIRS,2023,2,6,Hajipur,Mancherial,50
18.93997,79.39069,2023-02-12,849,1,VIIRS,2023,2,6,Hajipur,Mancherial,50
18.94247,79.3934,2023-02-12,800,N,VIIRS,2023,2,6,Hajipur,Mancherial,100
18.94526,79.38917,2023-02-12,800,N,VIIRS,2023,2,6,Hajipur,Mancherial,50
18.9458,79.39285,2023-02-12,800,N,VIIRS,2023,2,6,Hajipur,Mancherial,50
18.97584,78.98302,2023-02-12,707,1,VIIRS,2023,2,6,Sarangapur,Jagtial,100
18.97938,79.46329,2023-02-12,707,1,VIIRS,2023,2,6,Mandamarri,Mancherial,50
18.97946,78.97796,2023-02-12,800,N,VIIRS,2023,2,6,Sarangapur,Jagtial,50
18.98001,78.98161,2023-02-12,800,N,VIIRS,2023,2,6,Sarangapur,Jagtial,50
18.98055,79.46,2023-02-12,707,1,VIIRS,2023,2,6,Mandamarri,Mancherial,50
18.98071,78.9801,2023-02-12,707,1,VIIRS,2023,2,6,Sarangapur,Jagtial,100
18.98278,78.97742,2023-02-12,800,N,VIIRS,2023,2,6,Beerpur,Jagtial,50
18.99688,78.89258,2023-02-12,800,N,VIIRS,2023,2,6,Raikal,Jagtial,50
19.02608,79.51459,2023-02-11,728,1,VIIRS,2023,2,6,Bellampalle,Mancherial,50
19.09291,78.65588,2023-02-12,800,N,VIIRS,2023,2,6,Khanapur,Nirmal,50
19.11708,78.83853,2023-02-12,800,N,VIIRS,2023,2,6,Dasturabad,Nirmal,50
19.14874,78.13701,2023-02-11,820,N,VIIRS,2023,2,6,Narsapur_G,Nirmal,50
19.15058,78.13964,2023-02-11,820,N,VIIRS,2023,2,6,Kuntala,Nirmal,50
19.15119,79.2038,2023-02-12,800,N,VIIRS,2023,2,6,Tiryani,Kumurambheem Asifabad,50
19.15274,79.20479,2023-02-12,707,1,VIIRS,2023,2,6,Tiryani,Kumurambheem Asifabad,50
19.15452,79.20327,2023-02-12,800,N,VIIRS,2023,2,6,Tiryani,Kumurambheem Asifabad,50
19.15839,79.20641,2023-02-12,800,N,VIIRS,2023,2,6,Tiryani,Kumurambheem Asifabad,50
19.19382,79.55657,2023-02-11,728,1,VIIRS,2023,2,6,Bheemini,Mancherial,50
19.22266,79.17862,2023-02-12,849,1,VIIRS,2023,2,6,Tiryani,Kumurambheem Asifabad,50
19.22548,79.17657,2023-02-12,800,N,VIIRS,2023,2,6,Tiryani,Kumurambheem Asifabad,50
19.26142,78.82903,2023-02-12,800,N,VIIRS,2023,2,6,Utnur,Adilabad,50
19.28538,78.67484,2023-02-12,839,A,MODIS,2023,2,6,Pembi,Nirmal,69
19.28643,78.68359,2023-02-12,849,1,VIIRS,2023,2,6,Pembi,Nirmal,50
19.28731,78.69213,2023-02-12,839,A,MODIS,2023,2,6,Pembi,Nirmal,54
19.28996,78.68135,2023-02-12,839,A,MODIS,2023,2,6,Pembi,Nirmal,81
19.29123,78.68298,2023-02-12,707,1,VIIRS,2023,2,6,Pembi,Nirmal,50
19.29239,78.68809,2023-02-12,707,1,VIIRS,2023,2,6,Pembi,Nirmal,50
19.29294,78.68177,2023-02-12,800,N,VIIRS,2023,2,6,Pembi,Nirmal,50
19.29349,78.68542,2023-02-12,800,N,VIIRS,2023,2,6,Pembi,Nirmal,50
19.29352,78.50933,2023-02-11,1957,1,VIIRS,2023,2,6,Ichoda,Adilabad,50
19.29352,78.68916,2023-02-12,849,1,VIIRS,2023,2,6,Pembi,Nirmal,50
19.29778,78.67509,2023-02-11,820,N,VIIRS,2023,2,6,Pembi,Nirmal,50
19.29856,78.68646,2023-02-12,707,1,VIIRS,2023,2,6,Pembi,Nirmal,50
19.30247,78.68008,2023-02-11,820,N,VIIRS,2023,2,6,Pembi,Nirmal,50
19.30416,78.67995,2023-02-11,728,1,VIIRS,2023,2,6,Pembi,Nirmal,50
19.3044,78.67909,2023-02-11,758,A,MODIS,2023,2,6,Pembi,Nirmal,58
19.30645,78.67959,2023-02-11,820,N,VIIRS,2023,2,6,Pembi,Nirmal,50
19.31044,78.67908,2023-02-11,820,N,VIIRS,2023,2,6,Pembi,Nirmal,50
19.32874,78.66679,2023-02-11,1957,1,VIIRS,2023,2,6,Sirikonda,Adilabad,50
19.32894,78.66542,2023-02-11,820,N,VIIRS,2023,2,6,Sirikonda,Adilabad,50
19.33003,78.66552,2023-02-11,2050,N,VIIRS,2023,2,6,Sirikonda,Adilabad,50
19.33228,78.66508,2023-02-11,2050,N,VIIRS,2023,2,6,Sirikonda,Adilabad,50
19.33251,78.6718,2023-02-11,1957,1,VIIRS,2023,2,6,Sirikonda,Adilabad,50
19.33303,78.6675,2023-02-11,1957,1,VIIRS,2023,2,6,Sirikonda,Adilabad,50
19.33541,78.6571,2023-02-11,758,A,MODIS,2023,2,6,Sirikonda,Adilabad,61
19.33644,78.66792,2023-02-11,758,A,MODIS,2023,2,6,Sirikonda,Adilabad,59
19.3368,78.67248,2023-02-11,1957,1,VIIRS,2023,2,6,Sirikonda,Adilabad,50
19.33757,78.66956,2023-02-11,820,N,VIIRS,2023,2,6,Sirikonda,Adilabad,50
19.33807,78.67265,2023-02-11,758,A,MODIS,2023,2,6,Sirikonda,Adilabad,53
19.33828,78.65658,2023-02-11,728,1,VIIRS,2023,2,6,Sirikonda,Adilabad,50
19.33828,78.67501,2023-02-11,820,N,VIIRS,2023,2,6,Sirikonda,Adilabad,50
19.33893,78.6552,2023-02-11,1957,1,VIIRS,2023,2,6,Sirikonda,Adilabad,50
19.33908,78.65313,2023-02-11,2050,N,VIIRS,2023,2,6,Sirikonda,Adilabad,50
19.34002,78.67231,2023-02-11,820,N,VIIRS,2023,2,6,Sirikonda,Adilabad,50
19.34015,78.65822,2023-02-11,820,N,VIIRS,2023,2,6,Sirikonda,Adilabad,50
19.34133,78.67222,2023-02-11,728,1,VIIRS,2023,2,6,Sirikonda,Adilabad,50
19.34225,78.67442,2023-02-11,820,N,VIIRS,2023,2,6,Sirikonda,Adilabad,50
19.344,78.67171,2023-02-11,820,N,VIIRS,2023,2,6,Sirikonda,Adilabad,50
19.346,78.66333,2023-02-11,2050,N,VIIRS,2023,2,6,Sirikonda,Adilabad,50
19.34646,78.66522,2023-02-11,1957,1,VIIRS,2023,2,6,Sirikonda,Adilabad,50
19.35707,78.65228,2023-02-11,2050,N,VIIRS,2023,2,6,Sirikonda,Adilabad,50
19.36135,78.65315,2023-02-11,2050,N,VIIRS,2023,2,6,Sirikonda,Adilabad,50
19.36152,78.64982,2023-02-11,1957,1,VIIRS,2023,2,6,Sirikonda,Adilabad,50
19.40715,79.20769,2023-02-11,2050,N,VIIRS,2023,2,6,Asifabad,Kumurambheem Asifabad,50
19.40775,79.20411,2023-02-11,1957,1,VIIRS,2023,2,6,Asifabad,Kumurambheem Asifabad,50
19.5021,78.99012,2023-02-11,820,N,VIIRS,2023,2,6,Kerameri,Kumurambheem Asifabad,50
19.55708,78.5854,2023-02-11,2050,N,VIIRS,2023,2,6,Adilabad Rural,Adilabad,50
19.5579,78.58727,2023-02-11,2050,N,VIIRS,2023,2,6,Adilabad Rural,Adilabad,50
19.56136,78.58607,2023-02-11,2050,N,VIIRS,2023,2,6,Adilabad Rural,Adilabad,50
19.56225,78.58593,2023-02-11,1957,1,VIIRS,2023,2,6,Adilabad Rural,Adilabad,50
19.56958,78.60809,2023-02-12,800,N,VIIRS,2023,2,6,Adilabad Rural,Adilabad,50
19.6168,78.79725,2023-02-11,728,1,VIIRS,2023,2,6,Gadiguda,Adilabad,50
