latitude,longitude,year,week,fire_cnt_before,fire_before,fire_cnt_last_year,fire_last_year,fire_cnt_last_year_same_week,fire_last_year_same_week,Mandal_Nam,Dist_Name,confidence
15.98,78.17,2022,49,0.058823529,0.019607843,0.0,0.0,0,0,Chinnambavi,Wanaparthy,60.58657442
16.0,78.16,2022,48,0.058823529,0.019607843,0.0,0.0,0,0,Chinnambavi,Wanaparthy,60.58657442
16.0,78.17,2022,48,0.098039216,0.039215686,0.0,0.0,0,0,Chinnambavi,Wanaparthy,80.58657442
16.0,78.18,2022,48,0.098039216,0.058823529,0.0,0.0,0,0,Chinnambavi,Wanaparthy,60.58657442
16.0,78.19,2022,47,0.058823529,0.019607843,0.0,0.0,0,0,Chinnambavi,Wanaparthy,60.310118
16.0,78.2,2022,47,0.058823529,0.019607843,0.0,0.0,0,0,Chinnambavi,Wanaparthy,60.310118
16.01,78.17,2022,48,0.098039216,0.039215686,0.0,0.0,0,0,Chinnambavi,Wanaparthy,80.58657442
16.01,78.19,2022,47,0.078431373,0.019607843,0.019607843,0.019607843,0,0,Chinnambavi,Wanaparthy,80.310118
16.02,78.19,2022,47,0.058823529,0.019607843,0.0,0.0,0,0,Chinnambavi,Wanaparthy,60.310118
16.02,78.2,2022,47,0.078431373,0.019607843,0.0,0.0,0,0,Chinnambavi,Wanaparthy,80.310118
16.02,78.76,2022,8,0.058823529,0.019607843,0.078431373,0.039215686,0,0,Amrabad,Nagarkurnool,60.93216658
16.03,78.71,2022,9,0.058823529,0.019607843,0.0,0.0,0,0,Amrabad,Nagarkurnool,60.93216658
16.03,78.72,2022,9,0.156862745,0.019607843,0.0,0.0,0,0,Amrabad,Nagarkurnool,88.0
16.03,78.73,2022,9,0.098039216,0.019607843,0.019607843,0.019607843,0,0,Amrabad,Nagarkurnool,85.0
16.03,78.76,2022,8,0.078431373,0.039215686,0.0,0.0,0,0,Amrabad,Nagarkurnool,68.88637261
16.03,78.77,2022,8,0.098039216,0.019607843,0.039215686,0.019607843,2,1,Amrabad,Nagarkurnool,85.0
16.04,78.72,2022,9,0.098039216,0.019607843,0.039215686,0.019607843,0,0,Amrabad,Nagarkurnool,85.0
16.04,78.74,2022,10,0.058823529,0.019607843,0.039215686,0.039215686,1,1,Amrabad,Nagarkurnool,60.93216658
16.04,78.77,2022,9,0.098039216,0.019607843,0.078431373,0.019607843,0,0,Amrabad,Nagarkurnool,85.0
16.05,78.54,2022,10,0.176470588,0.019607843,0.0,0.0,0,0,Kollapur,Nagarkurnool,89.0
16.05,78.55,2022,10,0.156862745,0.019607843,0.0,0.0,0,0,Kollapur,Nagarkurnool,88.0
16.05,78.69,2022,9,0.058823529,0.019607843,0.019607843,0.019607843,0,0,Amrabad,Nagarkurnool,60.93216658
16.05,78.71,2022,9,0.196078431,0.019607843,0.098039216,0.019607843,0,0,Amrabad,Nagarkurnool,90.0
16.05,78.72,2022,9,0.117647059,0.019607843,0.058823529,0.019607843,0,0,Amrabad,Nagarkurnool,86.0
16.05,78.76,2022,9,0.117647059,0.019607843,0.196078431,0.019607843,0,0,Amrabad,Nagarkurnool,86.0
16.05,78.81,2022,11,0.176470588,0.019607843,0.0,0.0,0,0,Amrabad,Nagarkurnool,89.0
16.06,78.55,2022,10,0.176470588,0.019607843,0.0,0.0,0,0,Kollapur,Nagarkurnool,89.0
16.06,78.7,2022,11,0.058823529,0.019607843,0.156862745,0.019607843,0,0,Amrabad,Nagarkurnool,60.93216658
16.06,78.72,2022,9,0.058823529,0.019607843,0.039215686,0.019607843,0,0,Amrabad,Nagarkurnool,60.93216658
16.06,78.73,2022,11,0.156862745,0.058823529,0.039215686,0.019607843,0,0,Amrabad,Nagarkurnool,86.0
16.06,78.74,2022,11,0.098039216,0.019607843,0.098039216,0.019607843,0,0,Amrabad,Nagarkurnool,85.0
16.06,78.75,2022,11,0.098039216,0.019607843,0.156862745,0.039215686,0,0,Amrabad,Nagarkurnool,85.0
16.06,78.76,2022,11,0.098039216,0.039215686,0.078431373,0.058823529,0,0,Amrabad,Nagarkurnool,68.88637261
16.06,78.79,2022,9,0.098039216,0.019607843,0.019607843,0.019607843,0,0,Amrabad,Nagarkurnool,85.0
16.06,78.8,2022,9,0.098039216,0.039215686,0.019607843,0.019607843,0,0,Amrabad,Nagarkurnool,68.88637261
16.06,78.81,2022,11,0.058823529,0.019607843,0.0,0.0,0,0,Amrabad,Nagarkurnool,60.93216658
16.07,78.5,2022,9,0.117647059,0.019607843,0.058823529,0.019607843,0,0,Kollapur,Nagarkurnool,86.0
16.07,78.51,2022,9,0.156862745,0.019607843,0.078431373,0.019607843,0,0,Kollapur,Nagarkurnool,88.0
16.07,78.55,2022,10,0.078431373,0.019607843,0.058823529,0.019607843,0,0,Kollapur,Nagarkurnool,80.93216658
16.07,78.56,2022,10,0.058823529,0.019607843,0.078431373,0.019607843,0,0,Kollapur,Nagarkurnool,60.93216658
16.07,78.57,2022,10,0.117647059,0.019607843,0.137254902,0.019607843,0,0,Kollapur,Nagarkurnool,86.0
16.07,78.67,2022,10,0.117647059,0.019607843,0.0,0.0,0,0,Amrabad,Nagarkurnool,86.0
16.07,78.68,2022,10,0.058823529,0.019607843,0.0,0.0,0,0,Amrabad,Nagarkurnool,60.93216658
16.07,78.69,2022,10,0.137254902,0.019607843,0.0,0.0,0,0,Amrabad,Nagarkurnool,87.0
16.07,78.7,2022,10,0.058823529,0.019607843,0.0,0.0,0,0,Amrabad,Nagarkurnool,60.93216658
16.07,78.71,2022,9,0.078431373,0.019607843,0.0,0.0,0,0,Amrabad,Nagarkurnool,80.93216658
16.07,78.73,2022,9,0.098039216,0.039215686,0.019607843,0.019607843,0,0,Amrabad,Nagarkurnool,88.88637261
16.07,78.74,2022,11,0.078431373,0.039215686,0.058823529,0.058823529,0,0,Amrabad,Nagarkurnool,68.88637261
16.07,78.75,2022,11,0.078431373,0.019607843,0.098039216,0.058823529,0,0,Amrabad,Nagarkurnool,80.93216658
16.08,78.47,2022,9,0.098039216,0.019607843,0.098039216,0.019607843,0,0,Kollapur,Nagarkurnool,85.0
16.08,78.48,2022,9,0.137254902,0.039215686,0.078431373,0.019607843,0,0,Kollapur,Nagarkurnool,85.0
16.08,78.57,2022,10,0.098039216,0.019607843,0.0,0.0,0,0,Kollapur,Nagarkurnool,85.0
16.08,78.58,2022,10,0.137254902,0.019607843,0.058823529,0.019607843,0,0,Kollapur,Nagarkurnool,87.0
16.08,78.59,2022,10,0.078431373,0.019607843,0.0,0.0,0,0,Kollapur,Nagarkurnool,80.93216658
16.08,78.66,2022,10,0.137254902,0.019607843,0.019607843,0.019607843,0,0,Kollapur,Nagarkurnool,87.0
16.08,78.68,2022,10,0.156862745,0.019607843,0.0,0.0,0,0,Amrabad,Nagarkurnool,88.0
16.08,78.7,2022,10,0.058823529,0.019607843,0.039215686,0.019607843,2,1,Amrabad,Nagarkurnool,60.93216658
16.08,78.73,2022,9,0.058823529,0.019607843,0.078431373,0.039215686,0,0,Amrabad,Nagarkurnool,60.93216658
16.08,78.74,2022,9,0.058823529,0.019607843,0.0,0.0,0,0,Amrabad,Nagarkurnool,60.93216658
16.08,78.75,2022,11,0.117647059,0.019607843,0.039215686,0.019607843,0,0,Amrabad,Nagarkurnool,86.0
16.08,78.76,2022,11,0.078431373,0.019607843,0.0,0.0,0,0,Amrabad,Nagarkurnool,80.93216658
16.08,78.77,2022,11,0.176470588,0.019607843,0.039215686,0.019607843,0,0,Amrabad,Nagarkurnool,89.0
16.09,78.3,2022,45,0.098039216,0.039215686,0.0,0.0,0,0,Kollapur,Nagarkurnool,60.310118
16.09,78.47,2022,9,0.156862745,0.039215686,0.117647059,0.039215686,0,0,Kollapur,Nagarkurnool,87.0
16.09,78.48,2022,9,0.078431373,0.019607843,0.078431373,0.019607843,0,0,Kollapur,Nagarkurnool,80.93216658
16.09,78.51,2022,9,0.098039216,0.019607843,0.117647059,0.019607843,0,0,Kollapur,Nagarkurnool,85.0
16.09,78.52,2022,9,0.058823529,0.019607843,0.058823529,0.019607843,0,0,Kollapur,Nagarkurnool,60.93216658
16.09,78.53,2022,9,0.117647059,0.019607843,0.039215686,0.039215686,1,1,Kollapur,Nagarkurnool,86.0
16.09,78.57,2022,10,0.098039216,0.019607843,0.058823529,0.019607843,0,0,Kollapur,Nagarkurnool,85.0
16.09,78.58,2022,10,0.058823529,0.019607843,0.098039216,0.039215686,0,0,Kollapur,Nagarkurnool,60.93216658
16.09,78.59,2022,10,0.117647059,0.039215686,0.019607843,0.019607843,0,0,Kollapur,Nagarkurnool,68.88637261
16.09,78.59,2022,11,0.117647059,0.039215686,0.019607843,0.019607843,0,0,Kollapur,Nagarkurnool,68.88637261
16.09,78.68,2022,10,0.098039216,0.019607843,0.0,0.0,0,0,Amrabad,Nagarkurnool,85.0
16.09,78.69,2022,10,0.117647059,0.019607843,0.019607843,0.019607843,0,0,Amrabad,Nagarkurnool,86.0
16.09,78.72,2022,9,0.078431373,0.019607843,0.039215686,0.019607843,0,0,Amrabad,Nagarkurnool,80.93216658
16.09,78.73,2022,9,0.117647059,0.039215686,0.019607843,0.019607843,0,0,Amrabad,Nagarkurnool,85.0
16.09,78.75,2022,11,0.058823529,0.019607843,0.078431373,0.019607843,4,1,Amrabad,Nagarkurnool,60.93216658
16.09,78.76,2022,11,0.215686275,0.019607843,0.058823529,0.019607843,3,1,Amrabad,Nagarkurnool,91.0
16.09,78.78,2022,11,0.098039216,0.019607843,0.0,0.0,0,0,Amrabad,Nagarkurnool,85.0
16.09,78.8,2022,14,0.058823529,0.019607843,0.039215686,0.019607843,0,0,Amrabad,Nagarkurnool,60.93216658
16.1,78.46,2022,9,0.058823529,0.019607843,0.019607843,0.019607843,0,0,Kollapur,Nagarkurnool,60.93216658
16.1,78.48,2022,11,0.078431373,0.019607843,0.058823529,0.019607843,0,0,Kollapur,Nagarkurnool,80.93216658
16.1,78.51,2022,9,0.058823529,0.019607843,0.058823529,0.019607843,0,0,Kollapur,Nagarkurnool,60.93216658
16.1,78.53,2022,9,0.058823529,0.019607843,0.058823529,0.019607843,3,1,Kollapur,Nagarkurnool,60.93216658
16.1,78.54,2022,9,0.058823529,0.019607843,0.039215686,0.019607843,2,1,Kollapur,Nagarkurnool,60.93216658
16.1,78.57,2022,10,0.058823529,0.019607843,0.058823529,0.019607843,0,0,Kollapur,Nagarkurnool,60.93216658
16.1,78.59,2022,11,0.098039216,0.019607843,0.137254902,0.039215686,0,0,Kollapur,Nagarkurnool,85.0
16.1,78.6,2022,11,0.196078431,0.039215686,0.039215686,0.019607843,0,0,Kollapur,Nagarkurnool,89.0
16.1,78.62,2022,10,0.058823529,0.019607843,0.078431373,0.039215686,0,0,Kollapur,Nagarkurnool,60.93216658
16.1,78.64,2022,10,0.098039216,0.019607843,0.078431373,0.019607843,0,0,Kollapur,Nagarkurnool,85.0
16.1,78.71,2022,9,0.117647059,0.019607843,0.019607843,0.019607843,0,0,Amrabad,Nagarkurnool,86.0
16.1,78.72,2022,9,0.196078431,0.019607843,0.0,0.0,0,0,Amrabad,Nagarkurnool,90.0
16.1,78.73,2022,9,0.098039216,0.019607843,0.0,0.0,0,0,Amrabad,Nagarkurnool,85.0
16.1,78.77,2022,11,0.058823529,0.019607843,0.039215686,0.019607843,2,1,Amrabad,Nagarkurnool,60.93216658
16.11,78.52,2022,9,0.117647059,0.019607843,0.098039216,0.019607843,5,1,Kollapur,Nagarkurnool,86.0
16.11,78.58,2022,11,0.078431373,0.039215686,0.058823529,0.039215686,0,0,Kollapur,Nagarkurnool,68.88637261
16.11,78.59,2022,11,0.078431373,0.039215686,0.078431373,0.019607843,0,0,Kollapur,Nagarkurnool,68.88637261
16.11,78.6,2022,10,0.098039216,0.039215686,0.117647059,0.039215686,0,0,Kollapur,Nagarkurnool,68.88637261
16.11,78.61,2022,10,0.137254902,0.019607843,0.019607843,0.019607843,0,0,Kollapur,Nagarkurnool,87.0
16.11,78.62,2022,10,0.058823529,0.019607843,0.058823529,0.019607843,0,0,Kollapur,Nagarkurnool,60.93216658
16.11,78.64,2022,10,0.078431373,0.019607843,0.117647059,0.019607843,0,0,Kollapur,Nagarkurnool,80.93216658
16.11,78.65,2022,10,0.098039216,0.019607843,0.078431373,0.078431373,0,0,Kollapur,Nagarkurnool,85.0
16.11,78.67,2022,9,0.098039216,0.019607843,0.0,0.0,0,0,Amrabad,Nagarkurnool,85.0
16.11,78.68,2022,9,0.058823529,0.019607843,0.058823529,0.019607843,3,1,Amrabad,Nagarkurnool,60.93216658
16.11,78.7,2022,9,0.078431373,0.019607843,0.019607843,0.019607843,0,0,Amrabad,Nagarkurnool,80.93216658
16.11,78.71,2022,9,0.078431373,0.019607843,0.078431373,0.019607843,0,0,Amrabad,Nagarkurnool,80.93216658
16.11,78.72,2022,9,0.078431373,0.039215686,0.098039216,0.019607843,0,0,Amrabad,Nagarkurnool,68.88637261
16.11,78.73,2022,9,0.098039216,0.039215686,0.137254902,0.058823529,0,0,Amrabad,Nagarkurnool,88.88637261
16.11,78.74,2022,10,0.117647059,0.019607843,0.039215686,0.019607843,0,0,Amrabad,Nagarkurnool,86.0
16.11,78.76,2022,10,0.078431373,0.019607843,0.0,0.0,0,0,Amrabad,Nagarkurnool,80.93216658
16.12,78.51,2022,9,0.058823529,0.019607843,0.137254902,0.019607843,7,1,Kollapur,Nagarkurnool,60.93216658
16.12,78.52,2022,9,0.058823529,0.019607843,0.019607843,0.019607843,1,1,Kollapur,Nagarkurnool,60.93216658
16.12,78.61,2022,10,0.117647059,0.019607843,0.058823529,0.019607843,0,0,Kollapur,Nagarkurnool,86.0
16.12,78.62,2022,10,0.078431373,0.019607843,0.0,0.0,0,0,Kollapur,Nagarkurnool,80.93216658
16.12,78.63,2022,10,0.058823529,0.019607843,0.0,0.0,0,0,Kollapur,Nagarkurnool,60.93216658
16.12,78.64,2022,10,0.117647059,0.019607843,0.078431373,0.039215686,0,0,Kollapur,Nagarkurnool,86.0
16.12,78.65,2022,10,0.058823529,0.019607843,0.058823529,0.039215686,0,0,Kollapur,Nagarkurnool,60.93216658
16.12,78.66,2022,10,0.058823529,0.019607843,0.039215686,0.019607843,0,0,Amrabad,Nagarkurnool,60.93216658
16.12,78.67,2022,9,0.058823529,0.019607843,0.019607843,0.019607843,0,0,Amrabad,Nagarkurnool,60.93216658
16.12,78.69,2022,11,0.078431373,0.019607843,0.0,0.0,0,0,Amrabad,Nagarkurnool,80.93216658
16.12,78.7,2022,9,0.058823529,0.019607843,0.117647059,0.039215686,0,0,Amrabad,Nagarkurnool,60.93216658
16.12,78.72,2022,10,0.117647059,0.039215686,0.0,0.0,0,0,Amrabad,Nagarkurnool,85.0
16.12,78.73,2022,10,0.137254902,0.039215686,0.058823529,0.019607843,0,0,Amrabad,Nagarkurnool,86.0
16.12,78.74,2022,10,0.098039216,0.019607843,0.098039216,0.039215686,0,0,Amrabad,Nagarkurnool,85.0
16.13,78.53,2022,8,0.058823529,0.019607843,0.0,0.0,0,0,Kollapur,Nagarkurnool,60.93216658
16.13,78.61,2022,10,0.058823529,0.019607843,0.078431373,0.019607843,0,0,Kollapur,Nagarkurnool,60.93216658
16.13,78.63,2022,10,0.058823529,0.019607843,0.019607843,0.019607843,0,0,Amrabad,Nagarkurnool,60.93216658
16.13,78.64,2022,10,0.176470588,0.019607843,0.058823529,0.019607843,0,0,Amrabad,Nagarkurnool,89.0
16.13,78.65,2022,10,0.176470588,0.019607843,0.019607843,0.019607843,0,0,Amrabad,Nagarkurnool,89.0
16.13,78.66,2022,10,0.117647059,0.019607843,0.098039216,0.019607843,0,0,Amrabad,Nagarkurnool,86.0
16.13,78.7,2022,11,0.098039216,0.019607843,0.019607843,0.019607843,0,0,Amrabad,Nagarkurnool,85.0
16.13,78.73,2022,10,0.156862745,0.039215686,0.117647059,0.019607843,0,0,Amrabad,Nagarkurnool,88.88637261
16.13,78.73,2022,11,0.156862745,0.039215686,0.117647059,0.019607843,0,0,Amrabad,Nagarkurnool,88.88637261
16.13,78.74,2022,10,0.058823529,0.019607843,0.058823529,0.019607843,0,0,Amrabad,Nagarkurnool,60.93216658
16.13,78.75,2022,11,0.117647059,0.019607843,0.137254902,0.039215686,0,0,Amrabad,Nagarkurnool,86.0
16.13,78.76,2022,11,0.117647059,0.039215686,0.098039216,0.039215686,0,0,Amrabad,Nagarkurnool,88.88637261
16.13,78.77,2022,11,0.235294118,0.039215686,0.058823529,0.019607843,0,0,Amrabad,Nagarkurnool,91.0
16.13,78.78,2022,11,0.098039216,0.019607843,0.098039216,0.039215686,2,1,Amrabad,Nagarkurnool,85.0
16.14,78.53,2022,8,0.058823529,0.019607843,0.058823529,0.039215686,0,0,Kollapur,Nagarkurnool,60.93216658
16.14,78.59,2022,8,0.058823529,0.019607843,0.137254902,0.019607843,0,0,Kollapur,Nagarkurnool,60.93216658
16.14,78.6,2022,8,0.078431373,0.039215686,0.117647059,0.039215686,0,0,Amrabad,Nagarkurnool,68.88637261
16.14,78.63,2022,10,0.098039216,0.019607843,0.0,0.0,0,0,Amrabad,Nagarkurnool,85.0
16.14,78.64,2022,10,0.215686275,0.019607843,0.0,0.0,0,0,Amrabad,Nagarkurnool,91.0
16.14,78.65,2022,10,0.156862745,0.039215686,0.0,0.0,0,0,Amrabad,Nagarkurnool,86.0
16.14,78.7,2022,11,0.117647059,0.019607843,0.039215686,0.039215686,0,0,Amrabad,Nagarkurnool,86.0
16.14,78.73,2022,11,0.117647059,0.039215686,0.019607843,0.019607843,0,0,Amrabad,Nagarkurnool,88.88637261
16.14,78.74,2022,11,0.117647059,0.019607843,0.078431373,0.019607843,0,0,Amrabad,Nagarkurnool,86.0
16.14,78.76,2022,11,0.098039216,0.019607843,0.019607843,0.019607843,0,0,Amrabad,Nagarkurnool,85.0
16.14,78.77,2022,11,0.098039216,0.019607843,0.098039216,0.039215686,3,1,Amrabad,Nagarkurnool,85.0
16.14,78.8,2022,11,0.058823529,0.019607843,0.019607843,0.019607843,1,1,Amrabad,Nagarkurnool,60.93216658
16.15,78.49,2022,9,0.058823529,0.019607843,0.0,0.0,0,0,Kollapur,Nagarkurnool,60.93216658
16.15,78.54,2022,8,0.058823529,0.019607843,0.019607843,0.019607843,0,0,Kollapur,Nagarkurnool,60.93216658
16.15,78.58,2022,8,0.098039216,0.039215686,0.098039216,0.019607843,0,0,Kollapur,Nagarkurnool,68.88637261
16.15,78.63,2022,10,0.117647059,0.019607843,0.098039216,0.019607843,0,0,Amrabad,Nagarkurnool,86.0
16.15,78.64,2022,10,0.137254902,0.019607843,0.019607843,0.019607843,0,0,Amrabad,Nagarkurnool,87.0
16.15,78.65,2022,10,0.058823529,0.019607843,0.078431373,0.019607843,0,0,Amrabad,Nagarkurnool,60.93216658
16.15,78.72,2022,11,0.078431373,0.019607843,0.176470588,0.019607843,0,0,Amrabad,Nagarkurnool,80.93216658
16.15,78.73,2022,11,0.098039216,0.019607843,0.058823529,0.019607843,0,0,Amrabad,Nagarkurnool,85.0
16.15,78.74,2022,11,0.098039216,0.019607843,0.078431373,0.019607843,0,0,Amrabad,Nagarkurnool,85.0
16.15,78.75,2022,11,0.156862745,0.019607843,0.058823529,0.039215686,0,0,Amrabad,Nagarkurnool,88.0
16.15,78.76,2022,11,0.058823529,0.019607843,0.039215686,0.039215686,0,0,Amrabad,Nagarkurnool,60.93216658
16.15,78.79,2022,11,0.098039216,0.019607843,0.058823529,0.039215686,1,1,Amrabad,Nagarkurnool,85.0
16.15,78.81,2022,11,0.078431373,0.019607843,0.196078431,0.019607843,0,0,Amrabad,Nagarkurnool,80.93216658
16.16,78.56,2022,8,0.078431373,0.039215686,0.039215686,0.039215686,0,0,Kollapur,Nagarkurnool,68.88637261
16.16,78.57,2022,9,0.058823529,0.019607843,0.019607843,0.019607843,1,1,Kollapur,Nagarkurnool,60.93216658
16.16,78.58,2022,9,0.098039216,0.039215686,0.0,0.0,0,0,Kollapur,Nagarkurnool,68.88637261
16.16,78.59,2022,9,0.156862745,0.039215686,0.078431373,0.039215686,1,1,Amrabad,Nagarkurnool,87.0
16.16,78.62,2022,10,0.058823529,0.019607843,0.117647059,0.058823529,1,1,Amrabad,Nagarkurnool,60.93216658
16.16,78.63,2022,10,0.058823529,0.019607843,0.058823529,0.039215686,0,0,Amrabad,Nagarkurnool,60.93216658
16.16,78.64,2022,10,0.058823529,0.019607843,0.019607843,0.019607843,0,0,Amrabad,Nagarkurnool,60.93216658
16.16,78.65,2022,10,0.078431373,0.039215686,0.098039216,0.039215686,0,0,Amrabad,Nagarkurnool,68.88637261
16.16,78.66,2022,10,0.117647059,0.039215686,0.019607843,0.019607843,0,0,Amrabad,Nagarkurnool,85.0
16.16,78.71,2022,11,0.058823529,0.019607843,0.058823529,0.019607843,0,0,Amrabad,Nagarkurnool,60.93216658
16.16,78.8,2022,11,0.058823529,0.019607843,0.019607843,0.019607843,0,0,Amrabad,Nagarkurnool,60.93216658
16.17,78.58,2022,9,0.098039216,0.039215686,0.117647059,0.039215686,1,1,Amrabad,Nagarkurnool,88.88637261
16.17,78.59,2022,9,0.058823529,0.019607843,0.058823529,0.019607843,0,0,Amrabad,Nagarkurnool,60.93216658
16.17,78.61,2022,8,0.156862745,0.039215686,0.156862745,0.039215686,0,0,Amrabad,Nagarkurnool,85.0
16.17,78.61,2022,9,0.156862745,0.039215686,0.156862745,0.039215686,2,1,Amrabad,Nagarkurnool,68.88637261
16.17,78.63,2022,10,0.117647059,0.039215686,0.196078431,0.019607843,0,0,Amrabad,Nagarkurnool,85.0
16.17,78.69,2022,10,0.137254902,0.019607843,0.019607843,0.019607843,0,0,Amrabad,Nagarkurnool,87.0
16.17,78.7,2022,10,0.117647059,0.039215686,0.117647059,0.019607843,0,0,Amrabad,Nagarkurnool,88.88637261
16.17,78.73,2022,11,0.137254902,0.019607843,0.058823529,0.039215686,0,0,Amrabad,Nagarkurnool,87.0
16.17,78.76,2022,11,0.078431373,0.019607843,0.019607843,0.019607843,0,0,Amrabad,Nagarkurnool,80.93216658
16.17,78.8,2022,11,0.078431373,0.019607843,0.058823529,0.019607843,0,0,Amrabad,Nagarkurnool,80.93216658
16.18,78.49,2022,9,0.078431373,0.019607843,0.0,0.0,0,0,Kollapur,Nagarkurnool,80.93216658
16.18,78.5,2022,9,0.058823529,0.019607843,0.0,0.0,0,0,Kollapur,Nagarkurnool,60.93216658
16.18,78.57,2022,8,0.098039216,0.039215686,0.039215686,0.019607843,0,0,Amrabad,Nagarkurnool,88.88637261
16.18,78.58,2022,9,0.058823529,0.019607843,0.0,0.0,0,0,Amrabad,Nagarkurnool,60.93216658
16.18,78.59,2022,9,0.098039216,0.019607843,0.117647059,0.039215686,4,1,Amrabad,Nagarkurnool,85.0
16.18,78.61,2022,8,0.156862745,0.019607843,0.039215686,0.039215686,0,0,Amrabad,Nagarkurnool,88.0
16.18,78.68,2022,10,0.117647059,0.039215686,0.058823529,0.019607843,0,0,Amrabad,Nagarkurnool,85.0
16.18,78.69,2022,10,0.176470588,0.019607843,0.058823529,0.019607843,0,0,Amrabad,Nagarkurnool,89.0
16.18,78.72,2022,11,0.058823529,0.019607843,0.058823529,0.039215686,0,0,Amrabad,Nagarkurnool,60.93216658
16.18,78.73,2022,11,0.078431373,0.019607843,0.019607843,0.019607843,0,0,Amrabad,Nagarkurnool,80.93216658
16.18,78.74,2022,11,0.137254902,0.019607843,0.078431373,0.019607843,0,0,Amrabad,Nagarkurnool,87.0
16.18,78.8,2022,11,0.137254902,0.019607843,0.117647059,0.019607843,0,0,Amrabad,Nagarkurnool,87.0
16.19,78.5,2022,9,0.098039216,0.019607843,0.0,0.0,0,0,Kollapur,Nagarkurnool,85.0
16.19,78.51,2022,9,0.058823529,0.019607843,0.0,0.0,0,0,Amrabad,Nagarkurnool,60.93216658
16.19,78.52,2022,9,0.078431373,0.039215686,0.019607843,0.019607843,0,0,Amrabad,Nagarkurnool,68.88637261
16.19,78.61,2022,8,0.058823529,0.019607843,0.039215686,0.019607843,0,0,Amrabad,Nagarkurnool,60.93216658
16.19,78.62,2022,8,0.078431373,0.019607843,0.058823529,0.039215686,0,0,Amrabad,Nagarkurnool,80.93216658
16.19,78.63,2022,8,0.058823529,0.019607843,0.0,0.0,0,0,Amrabad,Nagarkurnool,60.93216658
16.19,78.73,2022,11,0.098039216,0.019607843,0.0,0.0,0,0,Amrabad,Nagarkurnool,85.0
16.19,78.74,2022,11,0.137254902,0.019607843,0.098039216,0.039215686,0,0,Amrabad,Nagarkurnool,87.0
16.19,78.76,2022,11,0.058823529,0.019607843,0.137254902,0.039215686,0,0,Amrabad,Nagarkurnool,60.93216658
16.19,78.81,2022,11,0.058823529,0.019607843,0.019607843,0.019607843,0,0,Amrabad,Nagarkurnool,60.93216658
16.19,78.85,2022,10,0.058823529,0.019607843,0.176470588,0.019607843,0,0,Amrabad,Nagarkurnool,60.93216658
16.2,78.5,2022,9,0.058823529,0.019607843,0.0,0.0,0,0,Kollapur,Nagarkurnool,60.93216658
16.2,78.52,2022,11,0.058823529,0.019607843,0.0,0.0,0,0,Lingal,Nagarkurnool,60.93216658
16.2,78.61,2022,9,0.117647059,0.039215686,0.058823529,0.019607843,3,1,Amrabad,Nagarkurnool,85.0
16.2,78.65,2022,10,0.058823529,0.019607843,0.0,0.0,0,0,Amrabad,Nagarkurnool,60.93216658
16.2,78.69,2022,10,0.098039216,0.019607843,0.039215686,0.019607843,2,1,Amrabad,Nagarkurnool,85.0
16.2,78.7,2022,11,0.117647059,0.039215686,0.196078431,0.039215686,0,0,Amrabad,Nagarkurnool,85.0
16.2,78.71,2022,11,0.058823529,0.019607843,0.215686275,0.019607843,0,0,Amrabad,Nagarkurnool,60.93216658
16.2,78.74,2022,11,0.215686275,0.019607843,0.196078431,0.019607843,0,0,Amrabad,Nagarkurnool,91.0
16.2,78.77,2022,11,0.098039216,0.019607843,0.019607843,0.019607843,0,0,Amrabad,Nagarkurnool,85.0
16.2,78.81,2022,11,0.156862745,0.039215686,0.019607843,0.019607843,0,0,Amrabad,Nagarkurnool,87.0
16.2,78.82,2022,11,0.078431373,0.019607843,0.039215686,0.019607843,0,0,Amrabad,Nagarkurnool,80.93216658
16.2,78.85,2022,10,0.058823529,0.019607843,0.098039216,0.019607843,0,0,Amrabad,Nagarkurnool,60.93216658
16.2,78.88,2022,10,0.058823529,0.019607843,0.098039216,0.019607843,0,0,Amrabad,Nagarkurnool,60.93216658
16.2,78.89,2022,10,0.058823529,0.019607843,0.058823529,0.039215686,0,0,Amrabad,Nagarkurnool,60.93216658
16.2,78.91,2022,10,0.058823529,0.019607843,0.019607843,0.019607843,0,0,Amrabad,Nagarkurnool,60.93216658
16.21,78.63,2022,10,0.078431373,0.039215686,0.078431373,0.039215686,0,0,Amrabad,Nagarkurnool,68.88637261
16.21,78.67,2022,10,0.078431373,0.019607843,0.019607843,0.019607843,0,0,Amrabad,Nagarkurnool,80.93216658
16.21,78.68,2022,10,0.098039216,0.039215686,0.039215686,0.019607843,0,0,Amrabad,Nagarkurnool,88.88637261
16.21,78.69,2022,11,0.196078431,0.019607843,0.078431373,0.039215686,0,0,Amrabad,Nagarkurnool,90.0
16.21,78.7,2022,11,0.137254902,0.019607843,0.098039216,0.019607843,0,0,Amrabad,Nagarkurnool,87.0
16.21,78.72,2022,11,0.058823529,0.019607843,0.098039216,0.019607843,0,0,Amrabad,Nagarkurnool,60.93216658
16.21,78.73,2022,11,0.078431373,0.019607843,0.156862745,0.019607843,0,0,Amrabad,Nagarkurnool,80.93216658
16.21,78.74,2022,11,0.058823529,0.019607843,0.039215686,0.019607843,0,0,Amrabad,Nagarkurnool,60.93216658
16.21,78.78,2022,10,0.058823529,0.019607843,0.117647059,0.019607843,0,0,Amrabad,Nagarkurnool,60.93216658
16.21,78.84,2022,10,0.058823529,0.019607843,0.098039216,0.019607843,0,0,Amrabad,Nagarkurnool,60.93216658
16.21,78.85,2022,10,0.137254902,0.019607843,0.156862745,0.019607843,0,0,Amrabad,Nagarkurnool,87.0
16.21,78.86,2022,10,0.098039216,0.019607843,0.039215686,0.039215686,0,0,Amrabad,Nagarkurnool,85.0
16.21,78.87,2022,10,0.078431373,0.019607843,0.019607843,0.019607843,0,0,Amrabad,Nagarkurnool,80.93216658
16.21,78.88,2022,10,0.196078431,0.019607843,0.117647059,0.019607843,0,0,Amrabad,Nagarkurnool,90.0
16.21,78.89,2022,10,0.215686275,0.019607843,0.0,0.0,0,0,Amrabad,Nagarkurnool,91.0
16.21,78.9,2022,10,0.235294118,0.019607843,0.058823529,0.039215686,0,0,Amrabad,Nagarkurnool,92.0
16.21,78.91,2022,10,0.137254902,0.019607843,0.0,0.0,0,0,Amrabad,Nagarkurnool,87.0
16.21,78.93,2022,10,0.098039216,0.019607843,0.019607843,0.019607843,0,0,Amrabad,Nagarkurnool,85.0
16.21,78.94,2022,10,0.058823529,0.019607843,0.019607843,0.019607843,1,1,Amrabad,Nagarkurnool,60.93216658
16.22,78.63,2022,10,0.098039216,0.039215686,0.078431373,0.019607843,0,0,Amrabad,Nagarkurnool,88.88637261
16.22,78.64,2022,10,0.098039216,0.019607843,0.039215686,0.019607843,0,0,Amrabad,Nagarkurnool,85.0
16.22,78.68,2022,11,0.117647059,0.019607843,0.019607843,0.019607843,1,1,Amrabad,Nagarkurnool,86.0
16.22,78.69,2022,11,0.196078431,0.019607843,0.117647059,0.039215686,2,1,Amrabad,Nagarkurnool,90.0
16.22,78.71,2022,11,0.058823529,0.019607843,0.156862745,0.019607843,0,0,Amrabad,Nagarkurnool,60.93216658
16.22,78.73,2022,11,0.078431373,0.019607843,0.078431373,0.039215686,0,0,Amrabad,Nagarkurnool,80.93216658
16.22,78.74,2022,14,0.078431373,0.039215686,0.019607843,0.019607843,0,0,Amrabad,Nagarkurnool,61.21723365
16.22,78.75,2022,14,0.098039216,0.039215686,0.137254902,0.039215686,0,0,Amrabad,Nagarkurnool,61.21723365
16.22,78.85,2022,10,0.058823529,0.019607843,0.098039216,0.019607843,0,0,Amrabad,Nagarkurnool,60.93216658
16.22,78.87,2022,10,0.058823529,0.019607843,0.019607843,0.019607843,0,0,Amrabad,Nagarkurnool,60.93216658
16.22,78.9,2022,10,0.058823529,0.019607843,0.098039216,0.019607843,0,0,Amrabad,Nagarkurnool,60.93216658
16.22,78.92,2022,10,0.117647059,0.019607843,0.0,0.0,0,0,Amrabad,Nagarkurnool,86.0
16.22,78.95,2022,10,0.156862745,0.019607843,0.019607843,0.019607843,0,0,Amrabad,Nagarkurnool,88.0
16.22,78.96,2022,10,0.078431373,0.039215686,0.019607843,0.019607843,0,0,Amrabad,Nagarkurnool,68.88637261
16.23,78.41,2022,16,0.098039216,0.039215686,0.0,0.0,0,0,Peddakothapalle,Nagarkurnool,81.21723365
16.23,78.63,2022,10,0.058823529,0.019607843,0.078431373,0.019607843,0,0,Amrabad,Nagarkurnool,60.93216658
16.23,78.64,2022,10,0.078431373,0.019607843,0.0,0.0,0,0,Balmoor,Nagarkurnool,80.93216658
16.23,78.65,2022,10,0.078431373,0.019607843,0.078431373,0.019607843,0,0,Amrabad,Nagarkurnool,80.93216658
16.23,78.66,2022,10,0.078431373,0.019607843,0.078431373,0.019607843,0,0,Amrabad,Nagarkurnool,80.93216658
16.23,78.67,2022,10,0.058823529,0.019607843,0.137254902,0.039215686,3,1,Amrabad,Nagarkurnool,60.93216658
16.23,78.69,2022,11,0.058823529,0.019607843,0.0,0.0,0,0,Amrabad,Nagarkurnool,60.93216658
16.23,78.7,2022,11,0.078431373,0.019607843,0.058823529,0.039215686,0,0,Amrabad,Nagarkurnool,80.93216658
16.23,78.85,2022,10,0.058823529,0.019607843,0.039215686,0.019607843,0,0,Amrabad,Nagarkurnool,60.93216658
16.23,78.87,2022,10,0.058823529,0.019607843,0.058823529,0.039215686,0,0,Amrabad,Nagarkurnool,60.93216658
16.23,78.92,2022,10,0.058823529,0.019607843,0.019607843,0.019607843,0,0,Amrabad,Nagarkurnool,60.93216658
16.24,78.62,2022,11,0.078431373,0.019607843,0.078431373,0.019607843,0,0,Balmoor,Nagarkurnool,80.93216658
16.24,78.66,2022,10,0.196078431,0.019607843,0.098039216,0.019607843,0,0,Amrabad,Nagarkurnool,90.0
16.24,78.67,2022,10,0.098039216,0.019607843,0.117647059,0.019607843,0,0,Amrabad,Nagarkurnool,85.0
16.24,78.69,2022,11,0.058823529,0.019607843,0.078431373,0.039215686,3,1,Amrabad,Nagarkurnool,60.93216658
16.24,78.89,2022,16,0.058823529,0.019607843,0.019607843,0.019607843,0,0,Amrabad,Nagarkurnool,60.93216658
16.24,78.92,2022,10,0.176470588,0.019607843,0.0,0.0,0,0,Amrabad,Nagarkurnool,89.0
16.24,78.93,2022,10,0.137254902,0.019607843,0.0,0.0,0,0,Amrabad,Nagarkurnool,87.0
16.24,78.94,2022,10,0.117647059,0.019607843,0.019607843,0.019607843,0,0,Amrabad,Nagarkurnool,86.0
16.25,78.65,2022,11,0.078431373,0.019607843,0.0,0.0,0,0,Balmoor,Nagarkurnool,80.93216658
16.25,78.77,2022,11,0.058823529,0.019607843,0.058823529,0.019607843,0,0,Amrabad,Nagarkurnool,60.93216658
16.25,78.9,2022,10,0.117647059,0.019607843,0.039215686,0.019607843,0,0,Amrabad,Nagarkurnool,86.0
16.25,78.92,2022,10,0.078431373,0.019607843,0.0,0.0,0,0,Amrabad,Nagarkurnool,80.93216658
16.25,78.93,2022,10,0.098039216,0.019607843,0.039215686,0.019607843,0,0,Amrabad,Nagarkurnool,85.0
16.25,78.94,2022,10,0.098039216,0.019607843,0.019607843,0.019607843,0,0,Amrabad,Nagarkurnool,85.0
16.25,78.95,2022,10,0.156862745,0.019607843,0.019607843,0.019607843,0,0,Amrabad,Nagarkurnool,88.0
16.25,78.96,2022,10,0.078431373,0.019607843,0.0,0.0,0,0,Amrabad,Nagarkurnool,80.93216658
16.25,78.97,2022,10,0.098039216,0.019607843,0.039215686,0.019607843,0,0,Amrabad,Nagarkurnool,85.0
16.26,78.77,2022,11,0.058823529,0.019607843,0.0,0.0,0,0,Amrabad,Nagarkurnool,60.93216658
16.26,78.78,2022,11,0.156862745,0.019607843,0.117647059,0.019607843,0,0,Amrabad,Nagarkurnool,88.0
16.26,78.89,2022,10,0.078431373,0.019607843,0.098039216,0.058823529,0,0,Amrabad,Nagarkurnool,80.93216658
16.26,78.91,2022,10,0.098039216,0.019607843,0.0,0.0,0,0,Amrabad,Nagarkurnool,85.0
16.26,78.92,2022,10,0.098039216,0.019607843,0.039215686,0.019607843,0,0,Amrabad,Nagarkurnool,85.0
16.26,78.93,2022,10,0.078431373,0.019607843,0.019607843,0.019607843,0,0,Amrabad,Nagarkurnool,80.93216658
16.27,78.79,2022,17,0.078431373,0.039215686,0.078431373,0.019607843,0,0,Amrabad,Nagarkurnool,61.21723365
16.27,78.87,2022,10,0.058823529,0.019607843,0.019607843,0.019607843,0,0,Amrabad,Nagarkurnool,60.93216658
16.27,78.88,2022,10,0.117647059,0.019607843,0.039215686,0.039215686,0,0,Amrabad,Nagarkurnool,86.0
16.27,78.9,2022,10,0.117647059,0.019607843,0.039215686,0.039215686,0,0,Amrabad,Nagarkurnool,86.0
16.28,78.76,2022,11,0.098039216,0.019607843,0.058823529,0.019607843,3,1,Amrabad,Nagarkurnool,85.0
16.28,78.77,2022,11,0.098039216,0.019607843,0.117647059,0.058823529,3,1,Amrabad,Nagarkurnool,85.0
16.28,78.85,2022,8,0.078431373,0.019607843,0.058823529,0.019607843,0,0,Amrabad,Nagarkurnool,80.93216658
16.28,78.88,2022,10,0.058823529,0.019607843,0.039215686,0.019607843,0,0,Amrabad,Nagarkurnool,60.93216658
16.29,78.77,2022,11,0.058823529,0.019607843,0.039215686,0.039215686,0,0,Amrabad,Nagarkurnool,60.93216658
16.29,78.78,2022,11,0.058823529,0.019607843,0.254901961,0.019607843,0,0,Amrabad,Nagarkurnool,60.93216658
16.29,78.8,2022,11,0.058823529,0.019607843,0.0,0.0,0,0,Amrabad,Nagarkurnool,60.93216658
16.29,78.81,2022,11,0.098039216,0.019607843,0.117647059,0.019607843,0,0,Amrabad,Nagarkurnool,85.0
16.29,78.82,2022,11,0.137254902,0.019607843,0.078431373,0.058823529,0,0,Amrabad,Nagarkurnool,87.0
16.3,78.81,2022,11,0.058823529,0.019607843,0.156862745,0.058823529,0,0,Amrabad,Nagarkurnool,60.93216658
16.31,78.8,2022,11,0.058823529,0.019607843,0.137254902,0.019607843,0,0,Amrabad,Nagarkurnool,60.93216658
16.31,78.82,2022,8,0.117647059,0.019607843,0.196078431,0.019607843,0,0,Amrabad,Nagarkurnool,86.0
16.31,78.83,2022,9,0.078431373,0.019607843,0.058823529,0.019607843,0,0,Amrabad,Nagarkurnool,80.93216658
16.31,78.84,2022,9,0.058823529,0.019607843,0.058823529,0.019607843,0,0,Amrabad,Nagarkurnool,60.93216658
16.32,78.82,2022,8,0.117647059,0.019607843,0.098039216,0.019607843,0,0,Amrabad,Nagarkurnool,86.0
16.32,78.94,2022,10,0.078431373,0.039215686,0.0,0.0,0,0,Padara,Nagarkurnool,68.88637261
16.32,78.96,2022,10,0.058823529,0.019607843,0.039215686,0.039215686,0,0,Padara,Nagarkurnool,60.93216658
16.33,78.72,2022,11,0.078431373,0.019607843,0.039215686,0.019607843,0,0,Amrabad,Nagarkurnool,80.93216658
16.33,78.86,2022,10,0.078431373,0.019607843,0.0,0.0,0,0,Amrabad,Nagarkurnool,80.93216658
16.33,78.94,2022,9,0.176470588,0.019607843,0.0,0.0,0,0,Padara,Nagarkurnool,89.0
16.34,78.81,2022,12,0.078431373,0.019607843,0.0,0.0,0,0,Amrabad,Nagarkurnool,80.93216658
16.34,78.83,2022,10,0.058823529,0.019607843,0.0,0.0,0,0,Amrabad,Nagarkurnool,60.93216658
16.38,77.67,2022,49,0.117647059,0.058823529,0.058823529,0.039215686,0,0,Amarchintha,Wanaparthy,80.58657442
16.4,78.99,2022,9,0.058823529,0.019607843,0.0,0.0,0,0,Padara,Nagarkurnool,60.93216658
16.42,79.0,2022,13,0.137254902,0.039215686,0.0,0.0,0,0,Padara,Nagarkurnool,85.0
16.43,79.01,2022,8,0.078431373,0.019607843,0.0,0.0,0,0,Achampet,Nagarkurnool,80.93216658
16.44,77.86,2022,19,0.274509804,0.098039216,0.058823529,0.019607843,3,1,Chinna Chinta Kunta,Mahabubnagar,61.21723365
16.44,77.86,2022,21,0.274509804,0.098039216,0.058823529,0.019607843,0,0,Chinna Chinta Kunta,Mahabubnagar,61.21723365
16.44,77.86,2022,23,0.274509804,0.098039216,0.058823529,0.019607843,0,0,Chinna Chinta Kunta,Mahabubnagar,86.0
16.44,77.87,2022,19,0.196078431,0.078431373,0.039215686,0.039215686,0,0,Madanapur,Wanaparthy,61.21723365
16.44,77.87,2022,23,0.196078431,0.078431373,0.039215686,0.039215686,0,0,Madanapur,Wanaparthy,80.310118
16.44,77.93,2022,51,0.058823529,0.019607843,0.0,0.0,0,0,Kothakota,Wanaparthy,60.58657442
16.44,78.0,2022,44,0.058823529,0.019607843,0.019607843,0.019607843,0,0,Peddamandaddi,Wanaparthy,60.310118
16.44,78.98,2022,11,0.058823529,0.019607843,0.019607843,0.019607843,0,0,Achampet,Nagarkurnool,60.93216658
16.44,78.99,2022,11,0.078431373,0.019607843,0.0,0.0,0,0,Achampet,Nagarkurnool,80.93216658
16.45,77.86,2022,19,0.254901961,0.078431373,0.058823529,0.019607843,3,1,Chinna Chinta Kunta,Mahabubnagar,88.0
16.45,77.86,2022,21,0.254901961,0.078431373,0.058823529,0.019607843,0,0,Chinna Chinta Kunta,Mahabubnagar,61.21723365
16.45,77.87,2022,19,0.274509804,0.078431373,0.156862745,0.058823529,4,1,Addakal,Mahabubnagar,90.0
16.45,77.88,2022,19,0.156862745,0.098039216,0.078431373,0.078431373,1,1,Addakal,Mahabubnagar,61.21723365
16.46,78.97,2022,17,0.058823529,0.019607843,0.019607843,0.019607843,0,0,Achampet,Nagarkurnool,60.93216658
16.47,77.91,2022,44,0.098039216,0.058823529,0.019607843,0.019607843,0,0,Addakal,Mahabubnagar,60.310118
16.47,77.92,2022,44,0.078431373,0.039215686,0.019607843,0.019607843,0,0,Addakal,Mahabubnagar,60.310118
16.56,77.94,2022,47,0.058823529,0.019607843,0.0,0.0,0,0,Addakal,Mahabubnagar,60.310118
16.63,78.29,2022,8,0.058823529,0.019607843,0.0,0.0,0,0,Thimmajipeta,Nagarkurnool,60.93216658
16.65,77.86,2022,8,0.078431373,0.039215686,0.0,0.0,0,0,Devarkadra,Mahabubnagar,68.88637261
16.69,79.97,2022,14,0.058823529,0.019607843,0.0,0.0,0,0,Chinthala palem,Suryapet,60.93216658
16.7,78.3,2022,9,0.058823529,0.019607843,0.0,0.0,0,0,Midjil,Mahabubnagar,60.93216658
16.7,79.65,2022,8,0.62745098,0.274509804,1.509803922,0.470588235,7,1,Damaracherla,Nalgonda,99.99789645
16.7,79.65,2022,9,0.62745098,0.274509804,1.509803922,0.470588235,3,1,Damaracherla,Nalgonda,99.99789645
16.7,79.65,2022,10,0.62745098,0.274509804,1.509803922,0.470588235,4,1,Damaracherla,Nalgonda,99.99789645
16.7,79.65,2022,11,0.62745098,0.274509804,1.509803922,0.470588235,3,1,Damaracherla,Nalgonda,99.99789645
16.7,79.65,2022,12,0.62745098,0.274509804,1.509803922,0.470588235,4,1,Damaracherla,Nalgonda,81.0
16.7,79.65,2022,13,0.62745098,0.274509804,1.509803922,0.470588235,2,1,Damaracherla,Nalgonda,81.0
16.7,79.65,2022,16,0.62745098,0.274509804,1.509803922,0.470588235,0,0,Damaracherla,Nalgonda,89.25218697
16.7,79.65,2022,17,0.62745098,0.274509804,1.509803922,0.470588235,3,1,Damaracherla,Nalgonda,89.25218697
16.7,79.65,2022,19,0.62745098,0.274509804,1.509803922,0.470588235,2,1,Damaracherla,Nalgonda,89.25218697
16.7,79.65,2022,30,0.62745098,0.274509804,1.509803922,0.470588235,0,0,Damaracherla,Nalgonda,86.0
16.7,79.65,2022,31,0.62745098,0.274509804,1.509803922,0.470588235,0,0,Damaracherla,Nalgonda,69.25218697
16.7,79.65,2022,43,0.62745098,0.274509804,1.509803922,0.470588235,0,0,Damaracherla,Nalgonda,99.97076623
16.7,79.65,2022,44,0.62745098,0.274509804,1.509803922,0.470588235,0,0,Damaracherla,Nalgonda,99.97076623
16.7,79.65,2022,45,0.62745098,0.274509804,1.509803922,0.470588235,2,1,Damaracherla,Nalgonda,99.97076623
16.7,79.65,2022,47,0.62745098,0.274509804,1.509803922,0.470588235,0,0,Damaracherla,Nalgonda,99.97076623
16.7,79.65,2022,48,0.62745098,0.274509804,1.509803922,0.470588235,0,0,Damaracherla,Nalgonda,99.97076623
16.7,79.65,2022,49,0.62745098,0.274509804,1.509803922,0.470588235,0,0,Damaracherla,Nalgonda,99.97076623
16.7,79.65,2022,50,0.62745098,0.274509804,1.509803922,0.470588235,0,0,Damaracherla,Nalgonda,99.97076623
16.7,79.65,2022,51,0.62745098,0.274509804,1.509803922,0.470588235,2,1,Damaracherla,Nalgonda,99.97076623
16.7,79.65,2022,52,0.62745098,0.274509804,1.509803922,0.470588235,1,1,Damaracherla,Nalgonda,99.97076623
16.71,79.15,2022,22,0.078431373,0.039215686,0.0,0.0,0,0,Peda Adisharla Palli,Nalgonda,61.21723365
16.72,79.83,2022,18,0.078431373,0.039215686,0.0,0.0,0,0,Mattampalli,Suryapet,61.21723365
16.74,79.41,2022,22,0.058823529,0.019607843,0.0,0.0,0,0,Nidamanoor,Nalgonda,60.93216658
16.75,79.01,2022,11,0.058823529,0.019607843,0.0,0.0,0,0,Gurrampode,Nalgonda,60.93216658
16.77,78.87,2022,31,0.098039216,0.039215686,0.078431373,0.058823529,0,0,Chinthapally,Nalgonda,80.310118
16.79,79.98,2022,12,0.117647059,0.078431373,0.0,0.0,0,0,Chinthala palem,Suryapet,68.88637261
16.8,79.98,2022,8,0.37254902,0.156862745,0.0,0.0,0,0,Chinthala palem,Suryapet,99.99789645
16.8,79.98,2022,9,0.37254902,0.156862745,0.0,0.0,0,0,Chinthala palem,Suryapet,81.0
16.8,79.98,2022,10,0.37254902,0.156862745,0.0,0.0,0,0,Chinthala palem,Suryapet,99.99789645
16.8,79.98,2022,11,0.37254902,0.156862745,0.0,0.0,0,0,Chinthala palem,Suryapet,81.0
16.8,79.98,2022,12,0.37254902,0.156862745,0.0,0.0,0,0,Chinthala palem,Suryapet,84.0
16.8,79.98,2022,13,0.37254902,0.156862745,0.0,0.0,0,0,Chinthala palem,Suryapet,82.0
16.8,79.98,2022,14,0.37254902,0.156862745,0.0,0.0,0,0,Chinthala palem,Suryapet,84.0
16.8,79.98,2022,21,0.37254902,0.156862745,0.0,0.0,0,0,Chinthala palem,Suryapet,69.25218697
16.8,79.98,2022,43,0.37254902,0.156862745,0.0,0.0,0,0,Chinthala palem,Suryapet,99.97076623
16.8,79.98,2022,44,0.37254902,0.156862745,0.0,0.0,0,0,Chinthala palem,Suryapet,99.97076623
16.8,79.98,2022,45,0.37254902,0.156862745,0.0,0.0,0,0,Chinthala palem,Suryapet,99.97076623
16.8,79.98,2022,47,0.37254902,0.156862745,0.0,0.0,0,0,Chinthala palem,Suryapet,99.97076623
16.8,79.98,2022,48,0.37254902,0.156862745,0.0,0.0,0,0,Chinthala palem,Suryapet,99.97076623
16.8,79.98,2022,49,0.37254902,0.156862745,0.0,0.0,0,0,Chinthala palem,Suryapet,99.97076623
16.8,79.98,2022,50,0.37254902,0.156862745,0.0,0.0,0,0,Chinthala palem,Suryapet,99.97076623
16.8,79.98,2022,51,0.37254902,0.156862745,0.0,0.0,0,0,Chinthala palem,Suryapet,99.97076623
16.8,79.98,2022,52,0.37254902,0.156862745,0.0,0.0,0,0,Chinthala palem,Suryapet,99.97076623
16.81,79.92,2022,8,0.176470588,0.176470588,0.352941176,0.333333333,0,0,Mellachervu,Suryapet,99.99789645
16.81,79.92,2022,9,0.176470588,0.176470588,0.352941176,0.333333333,1,1,Mellachervu,Suryapet,99.99789645
16.81,79.92,2022,10,0.176470588,0.176470588,0.352941176,0.333333333,1,1,Mellachervu,Suryapet,99.99789645
16.81,79.92,2022,11,0.176470588,0.176470588,0.352941176,0.333333333,0,0,Mellachervu,Suryapet,99.99789645
16.81,79.92,2022,12,0.176470588,0.176470588,0.352941176,0.333333333,0,0,Mellachervu,Suryapet,99.99789645
16.81,79.92,2022,13,0.176470588,0.176470588,0.352941176,0.333333333,0,0,Mellachervu,Suryapet,99.99789645
16.81,79.92,2022,43,0.176470588,0.176470588,0.352941176,0.333333333,1,1,Mellachervu,Suryapet,99.97076623
16.81,79.92,2022,44,0.176470588,0.176470588,0.352941176,0.333333333,1,1,Mellachervu,Suryapet,99.97076623
16.81,79.92,2022,45,0.176470588,0.176470588,0.352941176,0.333333333,1,1,Mellachervu,Suryapet,99.97076623
16.81,79.92,2022,47,0.176470588,0.176470588,0.352941176,0.333333333,0,0,Mellachervu,Suryapet,81.0
16.81,79.92,2022,48,0.176470588,0.176470588,0.352941176,0.333333333,1,1,Mellachervu,Suryapet,81.0
16.81,79.92,2022,49,0.176470588,0.176470588,0.352941176,0.333333333,1,1,Mellachervu,Suryapet,99.97076623
16.81,79.92,2022,50,0.176470588,0.176470588,0.352941176,0.333333333,0,0,Mellachervu,Suryapet,99.97076623
16.81,79.92,2022,51,0.176470588,0.176470588,0.352941176,0.333333333,0,0,Mellachervu,Suryapet,81.0
16.81,79.92,2022,52,0.176470588,0.176470588,0.352941176,0.333333333,0,0,Mellachervu,Suryapet,99.97076623
16.82,79.53,2022,43,0.156862745,0.019607843,0.0,0.0,0,0,Miryalaguda,Nalgonda,88.0
16.82,79.64,2022,18,0.058823529,0.019607843,0.0,0.0,0,0,Miryalaguda,Nalgonda,60.93216658
16.83,80.04,2022,8,0.509803922,0.254901961,0.901960784,0.568627451,5,1,Chinthala palem,Suryapet,83.0
16.83,80.04,2022,9,0.509803922,0.254901961,0.901960784,0.568627451,1,1,Chinthala palem,Suryapet,84.0
16.83,80.04,2022,10,0.509803922,0.254901961,0.901960784,0.568627451,2,1,Chinthala palem,Suryapet,82.0
16.83,80.04,2022,11,0.509803922,0.254901961,0.901960784,0.568627451,1,1,Chinthala palem,Suryapet,99.99789645
16.83,80.04,2022,12,0.509803922,0.254901961,0.901960784,0.568627451,1,1,Chinthala palem,Suryapet,83.0
16.83,80.04,2022,13,0.509803922,0.254901961,0.901960784,0.568627451,0,0,Chinthala palem,Suryapet,99.99789645
16.83,80.04,2022,41,0.509803922,0.254901961,0.901960784,0.568627451,1,1,Chinthala palem,Suryapet,89.25218697
16.83,80.04,2022,43,0.509803922,0.254901961,0.901960784,0.568627451,1,1,Chinthala palem,Suryapet,81.0
16.83,80.04,2022,44,0.509803922,0.254901961,0.901960784,0.568627451,0,0,Chinthala palem,Suryapet,81.0
16.83,80.04,2022,45,0.509803922,0.254901961,0.901960784,0.568627451,2,1,Chinthala palem,Suryapet,99.97076623
16.83,80.04,2022,47,0.509803922,0.254901961,0.901960784,0.568627451,3,1,Chinthala palem,Suryapet,99.97076623
16.83,80.04,2022,48,0.509803922,0.254901961,0.901960784,0.568627451,2,1,Chinthala palem,Suryapet,99.97076623
16.83,80.04,2022,49,0.509803922,0.254901961,0.901960784,0.568627451,2,1,Chinthala palem,Suryapet,99.97076623
16.83,80.04,2022,50,0.509803922,0.254901961,0.901960784,0.568627451,1,1,Chinthala palem,Suryapet,99.97076623
16.83,80.04,2022,51,0.509803922,0.254901961,0.901960784,0.568627451,0,0,Chinthala palem,Suryapet,99.97076623
16.83,80.04,2022,52,0.509803922,0.254901961,0.901960784,0.568627451,0,0,Chinthala palem,Suryapet,99.97076623
16.88,79.26,2022,21,0.078431373,0.039215686,0.0,0.0,0,0,Anumula_Haliya,Nalgonda,61.21723365
16.88,79.9,2022,21,0.078431373,0.019607843,0.0,0.0,0,0,Huzur nagar,Suryapet,80.93216658
16.88,79.91,2022,21,0.098039216,0.039215686,0.0,0.0,0,0,Huzur nagar,Suryapet,61.21723365
16.89,78.09,2022,43,0.098039216,0.039215686,0.0,0.0,0,0,Rajapur,Mahabubnagar,60.310118
16.94,78.35,2022,10,0.058823529,0.019607843,0.019607843,0.019607843,0,0,Keshampeta,Rangareddy,60.93216658
16.95,79.76,2022,21,0.098039216,0.019607843,0.0,0.0,0,0,Garidepalli,Suryapet,85.0
16.97,78.35,2022,8,0.137254902,0.039215686,0.0,0.0,0,0,Keshampeta,Rangareddy,88.88637261
16.97,79.68,2022,21,0.078431373,0.019607843,0.0,0.0,0,0,Penpahad,Suryapet,80.93216658
16.98,78.24,2022,11,0.058823529,0.019607843,0.0,0.0,0,0,Farooqnagar,Rangareddy,60.93216658
16.98,79.99,2022,20,0.058823529,0.019607843,0.0,0.0,0,0,Kodad,Suryapet,60.93216658
17.0,80.05,2022,21,0.098039216,0.019607843,0.0,0.0,0,0,Ananthagiri,Suryapet,85.0
17.03,79.61,2022,21,0.058823529,0.019607843,0.0,0.0,0,0,Penpahad,Suryapet,60.93216658
17.03,79.87,2022,22,0.058823529,0.019607843,0.0,0.0,0,0,Munagala,Suryapet,60.93216658
17.05,78.09,2022,21,0.058823529,0.019607843,0.0,0.0,0,0,Farooqnagar,Rangareddy,60.93216658
17.05,78.37,2022,8,0.078431373,0.019607843,0.0,0.0,0,0,Maheswaram,Rangareddy,80.93216658
17.05,79.87,2022,22,0.078431373,0.019607843,0.0,0.0,0,0,Nadigudem,Suryapet,80.93216658
17.07,78.53,2022,51,0.098039216,0.019607843,0.0,0.0,0,0,Kandukur,Rangareddy,85.0
17.07,79.25,2022,11,0.058823529,0.019607843,0.0,0.0,0,0,Nalgonda,Nalgonda,60.93216658
17.07,79.93,2022,21,0.058823529,0.019607843,0.0,0.0,0,0,Ananthagiri,Suryapet,60.93216658
17.08,78.09,2022,8,0.254901961,0.196078431,0.019607843,0.019607843,0,0,Kondurg,Rangareddy,81.0
17.08,78.09,2022,9,0.254901961,0.196078431,0.019607843,0.019607843,0,0,Kondurg,Rangareddy,82.0
17.08,78.09,2022,10,0.254901961,0.196078431,0.019607843,0.019607843,1,1,Kondurg,Rangareddy,81.0
17.08,78.09,2022,11,0.254901961,0.196078431,0.019607843,0.019607843,0,0,Kondurg,Rangareddy,99.99789645
17.08,78.09,2022,12,0.254901961,0.196078431,0.019607843,0.019607843,0,0,Kondurg,Rangareddy,99.99789645
17.08,78.09,2022,13,0.254901961,0.196078431,0.019607843,0.019607843,0,0,Kondurg,Rangareddy,99.99789645
17.08,78.09,2022,17,0.254901961,0.196078431,0.019607843,0.019607843,0,0,Kondurg,Rangareddy,69.25218697
17.08,78.09,2022,43,0.254901961,0.196078431,0.019607843,0.019607843,0,0,Kondurg,Rangareddy,99.97076623
17.08,78.09,2022,44,0.254901961,0.196078431,0.019607843,0.019607843,0,0,Kondurg,Rangareddy,99.97076623
17.08,78.09,2022,45,0.254901961,0.196078431,0.019607843,0.019607843,0,0,Kondurg,Rangareddy,99.97076623
17.08,78.09,2022,47,0.254901961,0.196078431,0.019607843,0.019607843,0,0,Kondurg,Rangareddy,99.97076623
17.08,78.09,2022,48,0.254901961,0.196078431,0.019607843,0.019607843,0,0,Kondurg,Rangareddy,82.0
17.08,78.09,2022,49,0.254901961,0.196078431,0.019607843,0.019607843,0,0,Kondurg,Rangareddy,81.0
17.08,78.09,2022,50,0.254901961,0.196078431,0.019607843,0.019607843,0,0,Kondurg,Rangareddy,81.0
17.08,78.09,2022,51,0.254901961,0.196078431,0.019607843,0.019607843,0,0,Kondurg,Rangareddy,99.97076623
17.08,78.09,2022,52,0.254901961,0.196078431,0.019607843,0.019607843,0,0,Kondurg,Rangareddy,81.0
17.08,78.54,2022,8,0.235294118,0.098039216,0.0,0.0,0,0,Kandukur,Rangareddy,68.88637261
17.08,79.65,2022,22,0.058823529,0.019607843,0.0,0.0,0,0,Suryapet,Suryapet,60.93216658
17.09,79.85,2022,21,0.078431373,0.039215686,0.0,0.0,0,0,Nadigudem,Suryapet,61.21723365
17.09,79.92,2022,21,0.078431373,0.019607843,0.0,0.0,0,0,Ananthagiri,Suryapet,80.93216658
17.09,79.96,2022,20,0.117647059,0.039215686,0.019607843,0.019607843,0,0,Ananthagiri,Suryapet,61.21723365
17.09,79.96,2022,21,0.117647059,0.039215686,0.019607843,0.019607843,0,0,Ananthagiri,Suryapet,61.21723365
17.1,78.02,2022,51,0.058823529,0.019607843,0.0,0.0,0,0,Kondurg,Rangareddy,60.58657442
17.12,78.6,2022,8,0.196078431,0.058823529,0.019607843,0.019607843,1,1,Kandukur,Rangareddy,86.0
17.12,78.6,2022,9,0.196078431,0.058823529,0.019607843,0.019607843,0,0,Kandukur,Rangareddy,68.88637261
17.12,78.61,2022,8,0.137254902,0.039215686,0.039215686,0.039215686,1,1,Kandukur,Rangareddy,68.88637261
17.12,78.61,2022,9,0.137254902,0.039215686,0.039215686,0.039215686,0,0,Kandukur,Rangareddy,88.88637261
17.12,79.87,2022,20,0.098039216,0.039215686,0.019607843,0.019607843,0,0,Nadigudem,Suryapet,81.21723365
17.13,78.04,2022,52,0.117647059,0.039215686,0.058823529,0.058823529,0,0,Kondurg,Rangareddy,85.0
17.14,78.22,2022,8,0.960784314,0.470588235,0.647058824,0.411764706,0,0,Nandigama,Rangareddy,82.0
17.14,78.22,2022,9,0.960784314,0.470588235,0.647058824,0.411764706,0,0,Nandigama,Rangareddy,99.99789645
17.14,78.22,2022,10,0.960784314,0.470588235,0.647058824,0.411764706,4,1,Nandigama,Rangareddy,81.0
17.14,78.22,2022,11,0.960784314,0.470588235,0.647058824,0.411764706,1,1,Nandigama,Rangareddy,99.99789645
17.14,78.22,2022,12,0.960784314,0.470588235,0.647058824,0.411764706,1,1,Nandigama,Rangareddy,99.99789645
17.14,78.22,2022,13,0.960784314,0.470588235,0.647058824,0.411764706,2,1,Nandigama,Rangareddy,99.99789645
17.14,78.22,2022,16,0.960784314,0.470588235,0.647058824,0.411764706,0,0,Nandigama,Rangareddy,69.25218697
17.14,78.22,2022,17,0.960784314,0.470588235,0.647058824,0.411764706,0,0,Nandigama,Rangareddy,84.0
17.14,78.22,2022,37,0.960784314,0.470588235,0.647058824,0.411764706,0,0,Nandigama,Rangareddy,69.25218697
17.14,78.22,2022,43,0.960784314,0.470588235,0.647058824,0.411764706,0,0,Nandigama,Rangareddy,82.0
17.14,78.22,2022,44,0.960784314,0.470588235,0.647058824,0.411764706,0,0,Nandigama,Rangareddy,99.97076623
17.14,78.22,2022,45,0.960784314,0.470588235,0.647058824,0.411764706,0,0,Nandigama,Rangareddy,81.0
17.14,78.22,2022,47,0.960784314,0.470588235,0.647058824,0.411764706,0,0,Nandigama,Rangareddy,82.0
17.14,78.22,2022,48,0.960784314,0.470588235,0.647058824,0.411764706,1,1,Nandigama,Rangareddy,82.0
17.14,78.22,2022,49,0.960784314,0.470588235,0.647058824,0.411764706,2,1,Nandigama,Rangareddy,83.0
17.14,78.22,2022,50,0.960784314,0.470588235,0.647058824,0.411764706,1,1,Nandigama,Rangareddy,99.97076623
17.14,78.22,2022,51,0.960784314,0.470588235,0.647058824,0.411764706,3,1,Nandigama,Rangareddy,83.0
17.14,78.22,2022,52,0.960784314,0.470588235,0.647058824,0.411764706,0,0,Nandigama,Rangareddy,99.97076623
17.14,78.23,2022,8,0.196078431,0.176470588,0.176470588,0.137254902,0,0,Nandigama,Rangareddy,99.99789645
17.14,78.23,2022,9,0.196078431,0.176470588,0.176470588,0.137254902,1,1,Nandigama,Rangareddy,99.99789645
17.14,78.23,2022,10,0.196078431,0.176470588,0.176470588,0.137254902,0,0,Nandigama,Rangareddy,99.99789645
17.14,78.23,2022,11,0.196078431,0.176470588,0.176470588,0.137254902,1,1,Nandigama,Rangareddy,81.0
17.14,78.23,2022,12,0.196078431,0.176470588,0.176470588,0.137254902,0,0,Nandigama,Rangareddy,99.99789645
17.14,78.23,2022,13,0.196078431,0.176470588,0.176470588,0.137254902,0,0,Nandigama,Rangareddy,99.99789645
17.14,78.23,2022,43,0.196078431,0.176470588,0.176470588,0.137254902,0,0,Nandigama,Rangareddy,99.97076623
17.14,78.23,2022,44,0.196078431,0.176470588,0.176470588,0.137254902,0,0,Nandigama,Rangareddy,99.97076623
17.14,78.23,2022,45,0.196078431,0.176470588,0.176470588,0.137254902,0,0,Nandigama,Rangareddy,99.97076623
17.14,78.23,2022,47,0.196078431,0.176470588,0.176470588,0.137254902,0,0,Nandigama,Rangareddy,99.97076623
17.14,78.23,2022,48,0.196078431,0.176470588,0.176470588,0.137254902,0,0,Nandigama,Rangareddy,99.97076623
17.14,78.23,2022,49,0.196078431,0.176470588,0.176470588,0.137254902,3,1,Nandigama,Rangareddy,99.97076623
17.14,78.23,2022,50,0.196078431,0.176470588,0.176470588,0.137254902,0,0,Nandigama,Rangareddy,99.97076623
17.14,78.23,2022,51,0.196078431,0.176470588,0.176470588,0.137254902,0,0,Nandigama,Rangareddy,99.97076623
17.14,78.23,2022,52,0.196078431,0.176470588,0.176470588,0.137254902,0,0,Nandigama,Rangareddy,81.0
17.15,78.22,2022,8,3.588235294,0.666666667,3.68627451,0.784313725,13,1,Nandigama,Rangareddy,91.0
17.15,78.22,2022,9,3.588235294,0.666666667,3.68627451,0.784313725,7,1,Nandigama,Rangareddy,99.99789645
17.15,78.22,2022,10,3.588235294,0.666666667,3.68627451,0.784313725,7,1,Nandigama,Rangareddy,84.0
17.15,78.22,2022,11,3.588235294,0.666666667,3.68627451,0.784313725,7,1,Nandigama,Rangareddy,84.0
17.15,78.22,2022,12,3.588235294,0.666666667,3.68627451,0.784313725,3,1,Nandigama,Rangareddy,99.99789645
17.15,78.22,2022,13,3.588235294,0.666666667,3.68627451,0.784313725,4,1,Nandigama,Rangareddy,99.99789645
17.15,78.22,2022,15,3.588235294,0.666666667,3.68627451,0.784313725,0,0,Nandigama,Rangareddy,84.0
17.15,78.22,2022,16,3.588235294,0.666666667,3.68627451,0.784313725,0,0,Nandigama,Rangareddy,89.25218697
17.15,78.22,2022,17,3.588235294,0.666666667,3.68627451,0.784313725,0,0,Nandigama,Rangareddy,69.25218697
17.15,78.22,2022,19,3.588235294,0.666666667,3.68627451,0.784313725,3,1,Nandigama,Rangareddy,89.25218697
17.15,78.22,2022,29,3.588235294,0.666666667,3.68627451,0.784313725,0,0,Nandigama,Rangareddy,69.25218697
17.15,78.22,2022,33,3.588235294,0.666666667,3.68627451,0.784313725,1,1,Nandigama,Rangareddy,69.25218697
17.15,78.22,2022,37,3.588235294,0.666666667,3.68627451,0.784313725,0,0,Nandigama,Rangareddy,69.25218697
17.15,78.22,2022,38,3.588235294,0.666666667,3.68627451,0.784313725,0,0,Nandigama,Rangareddy,69.25218697
17.15,78.22,2022,39,3.588235294,0.666666667,3.68627451,0.784313725,0,0,Nandigama,Rangareddy,86.0
17.15,78.22,2022,42,3.588235294,0.666666667,3.68627451,0.784313725,7,1,Nandigama,Rangareddy,85.0
17.15,78.22,2022,43,3.588235294,0.666666667,3.68627451,0.784313725,8,1,Nandigama,Rangareddy,90.0
17.15,78.22,2022,44,3.588235294,0.666666667,3.68627451,0.784313725,3,1,Nandigama,Rangareddy,87.0
17.15,78.22,2022,45,3.588235294,0.666666667,3.68627451,0.784313725,1,1,Nandigama,Rangareddy,86.0
17.15,78.22,2022,47,3.588235294,0.666666667,3.68627451,0.784313725,9,1,Nandigama,Rangareddy,89.0
17.15,78.22,2022,48,3.588235294,0.666666667,3.68627451,0.784313725,10,1,Nandigama,Rangareddy,90.0
17.15,78.22,2022,49,3.588235294,0.666666667,3.68627451,0.784313725,8,1,Nandigama,Rangareddy,84.0
17.15,78.22,2022,50,3.588235294,0.666666667,3.68627451,0.784313725,3,1,Nandigama,Rangareddy,82.0
17.15,78.22,2022,51,3.588235294,0.666666667,3.68627451,0.784313725,1,1,Nandigama,Rangareddy,90.0
17.15,78.22,2022,52,3.588235294,0.666666667,3.68627451,0.784313725,6,1,Nandigama,Rangareddy,89.0
17.15,78.23,2022,8,0.62745098,0.392156863,0.588235294,0.352941176,4,1,Nandigama,Rangareddy,84.0
17.15,78.23,2022,9,0.62745098,0.392156863,0.588235294,0.352941176,1,1,Nandigama,Rangareddy,99.99789645
17.15,78.23,2022,10,0.62745098,0.392156863,0.588235294,0.352941176,1,1,Nandigama,Rangareddy,99.99789645
17.15,78.23,2022,11,0.62745098,0.392156863,0.588235294,0.352941176,3,1,Nandigama,Rangareddy,82.0
17.15,78.23,2022,12,0.62745098,0.392156863,0.588235294,0.352941176,1,1,Nandigama,Rangareddy,81.0
17.15,78.23,2022,13,0.62745098,0.392156863,0.588235294,0.352941176,1,1,Nandigama,Rangareddy,99.99789645
17.15,78.23,2022,18,0.62745098,0.392156863,0.588235294,0.352941176,0,0,Nandigama,Rangareddy,69.25218697
17.15,78.23,2022,43,0.62745098,0.392156863,0.588235294,0.352941176,1,1,Nandigama,Rangareddy,81.0
17.15,78.23,2022,44,0.62745098,0.392156863,0.588235294,0.352941176,0,0,Nandigama,Rangareddy,99.97076623
17.15,78.23,2022,45,0.62745098,0.392156863,0.588235294,0.352941176,0,0,Nandigama,Rangareddy,81.0
17.15,78.23,2022,47,0.62745098,0.392156863,0.588235294,0.352941176,0,0,Nandigama,Rangareddy,99.97076623
17.15,78.23,2022,48,0.62745098,0.392156863,0.588235294,0.352941176,4,1,Nandigama,Rangareddy,81.0
17.15,78.23,2022,49,0.62745098,0.392156863,0.588235294,0.352941176,1,1,Nandigama,Rangareddy,99.97076623
17.15,78.23,2022,50,0.62745098,0.392156863,0.588235294,0.352941176,0,0,Nandigama,Rangareddy,99.97076623
17.15,78.23,2022,51,0.62745098,0.392156863,0.588235294,0.352941176,1,1,Nandigama,Rangareddy,81.0
17.15,78.23,2022,52,0.62745098,0.392156863,0.588235294,0.352941176,0,0,Nandigama,Rangareddy,81.0
17.16,78.29,2022,8,0.156862745,0.156862745,0.137254902,0.098039216,0,0,Kothur,Rangareddy,99.99789645
17.16,78.29,2022,9,0.156862745,0.156862745,0.137254902,0.098039216,0,0,Kothur,Rangareddy,99.99789645
17.16,78.29,2022,10,0.156862745,0.156862745,0.137254902,0.098039216,0,0,Kothur,Rangareddy,99.99789645
17.16,78.29,2022,11,0.156862745,0.156862745,0.137254902,0.098039216,0,0,Kothur,Rangareddy,99.99789645
17.16,78.29,2022,12,0.156862745,0.156862745,0.137254902,0.098039216,0,0,Kothur,Rangareddy,99.99789645
17.16,78.29,2022,13,0.156862745,0.156862745,0.137254902,0.098039216,0,0,Kothur,Rangareddy,99.99789645
17.16,78.29,2022,43,0.156862745,0.156862745,0.137254902,0.098039216,0,0,Kothur,Rangareddy,99.97076623
17.16,78.29,2022,44,0.156862745,0.156862745,0.137254902,0.098039216,1,1,Kothur,Rangareddy,99.97076623
17.16,78.29,2022,45,0.156862745,0.156862745,0.137254902,0.098039216,0,0,Kothur,Rangareddy,81.0
17.16,78.29,2022,47,0.156862745,0.156862745,0.137254902,0.098039216,0,0,Kothur,Rangareddy,81.0
17.16,78.29,2022,48,0.156862745,0.156862745,0.137254902,0.098039216,0,0,Kothur,Rangareddy,99.97076623
17.16,78.29,2022,49,0.156862745,0.156862745,0.137254902,0.098039216,0,0,Kothur,Rangareddy,99.97076623
17.16,78.29,2022,50,0.156862745,0.156862745,0.137254902,0.098039216,0,0,Kothur,Rangareddy,81.0
17.16,78.29,2022,51,0.156862745,0.156862745,0.137254902,0.098039216,3,1,Kothur,Rangareddy,99.97076623
17.16,78.29,2022,52,0.156862745,0.156862745,0.137254902,0.098039216,1,1,Kothur,Rangareddy,81.0
17.17,78.41,2022,13,0.058823529,0.019607843,0.0,0.0,0,0,Maheswaram,Rangareddy,60.93216658
17.17,78.82,2022,11,0.078431373,0.039215686,0.0,0.0,0,0,Narayanapoor,Yadadri Bhuvanagiri,68.88637261
17.17,79.56,2022,21,0.058823529,0.019607843,0.0,0.0,0,0,Suryapet,Suryapet,60.93216658
17.19,79.56,2022,21,0.078431373,0.019607843,0.0,0.0,0,0,Suryapet,Suryapet,80.93216658
17.21,79.52,2022,19,0.078431373,0.019607843,0.019607843,0.019607843,0,0,Kethepally,Nalgonda,80.93216658
17.21,79.87,2022,21,0.058823529,0.019607843,0.019607843,0.019607843,1,1,Mothey,Suryapet,60.93216658
17.22,78.8,2022,11,0.078431373,0.019607843,0.039215686,0.019607843,0,0,Ibrahimpatnam,Rangareddy,80.93216658
17.22,78.81,2022,11,0.078431373,0.019607843,0.019607843,0.019607843,0,0,Ibrahimpatnam,Rangareddy,80.93216658
17.22,78.93,2022,17,0.235294118,0.058823529,0.0,0.0,0,0,Choutuppal,Yadadri Bhuvanagiri,87.0
17.22,78.93,2022,19,0.235294118,0.058823529,0.0,0.0,0,0,Choutuppal,Yadadri Bhuvanagiri,61.21723365
17.22,78.94,2022,17,0.078431373,0.039215686,0.0,0.0,0,0,Choutuppal,Yadadri Bhuvanagiri,61.21723365
17.22,79.02,2022,8,0.62745098,0.333333333,0.705882353,0.352941176,0,0,Chityal,Nalgonda,84.0
17.22,79.02,2022,9,0.62745098,0.333333333,0.705882353,0.352941176,0,0,Chityal,Nalgonda,83.0
17.22,79.02,2022,10,0.62745098,0.333333333,0.705882353,0.352941176,2,1,Chityal,Nalgonda,99.99789645
17.22,79.02,2022,11,0.62745098,0.333333333,0.705882353,0.352941176,0,0,Chityal,Nalgonda,82.0
17.22,79.02,2022,12,0.62745098,0.333333333,0.705882353,0.352941176,2,1,Chityal,Nalgonda,99.99789645
17.22,79.02,2022,13,0.62745098,0.333333333,0.705882353,0.352941176,3,1,Chityal,Nalgonda,81.0
17.22,79.02,2022,43,0.62745098,0.333333333,0.705882353,0.352941176,4,1,Chityal,Nalgonda,99.97076623
17.22,79.02,2022,44,0.62745098,0.333333333,0.705882353,0.352941176,3,1,Chityal,Nalgonda,81.0
17.22,79.02,2022,45,0.62745098,0.333333333,0.705882353,0.352941176,0,0,Chityal,Nalgonda,81.0
17.22,79.02,2022,47,0.62745098,0.333333333,0.705882353,0.352941176,0,0,Chityal,Nalgonda,99.97076623
17.22,79.02,2022,48,0.62745098,0.333333333,0.705882353,0.352941176,1,1,Chityal,Nalgonda,99.97076623
17.22,79.02,2022,49,0.62745098,0.333333333,0.705882353,0.352941176,0,0,Chityal,Nalgonda,81.0
17.22,79.02,2022,50,0.62745098,0.333333333,0.705882353,0.352941176,2,1,Chityal,Nalgonda,99.97076623
17.22,79.02,2022,51,0.62745098,0.333333333,0.705882353,0.352941176,2,1,Chityal,Nalgonda,81.0
17.22,79.02,2022,52,0.62745098,0.333333333,0.705882353,0.352941176,1,1,Chityal,Nalgonda,83.0
17.22,79.03,2022,8,0.294117647,0.235294118,0.431372549,0.235294118,0,0,Chityal,Nalgonda,81.0
17.22,79.03,2022,9,0.294117647,0.235294118,0.431372549,0.235294118,0,0,Chityal,Nalgonda,99.99789645
17.22,79.03,2022,10,0.294117647,0.235294118,0.431372549,0.235294118,0,0,Chityal,Nalgonda,99.99789645
17.22,79.03,2022,11,0.294117647,0.235294118,0.431372549,0.235294118,2,1,Chityal,Nalgonda,99.99789645
17.22,79.03,2022,12,0.294117647,0.235294118,0.431372549,0.235294118,0,0,Chityal,Nalgonda,81.0
17.22,79.03,2022,13,0.294117647,0.235294118,0.431372549,0.235294118,0,0,Chityal,Nalgonda,99.99789645
17.22,79.03,2022,43,0.294117647,0.235294118,0.431372549,0.235294118,2,1,Chityal,Nalgonda,99.97076623
17.22,79.03,2022,44,0.294117647,0.235294118,0.431372549,0.235294118,1,1,Chityal,Nalgonda,99.97076623
17.22,79.03,2022,45,0.294117647,0.235294118,0.431372549,0.235294118,0,0,Chityal,Nalgonda,99.97076623
17.22,79.03,2022,47,0.294117647,0.235294118,0.431372549,0.235294118,2,1,Chityal,Nalgonda,99.97076623
17.22,79.03,2022,48,0.294117647,0.235294118,0.431372549,0.235294118,0,0,Chityal,Nalgonda,99.97076623
17.22,79.03,2022,49,0.294117647,0.235294118,0.431372549,0.235294118,4,1,Chityal,Nalgonda,99.97076623
17.22,79.03,2022,50,0.294117647,0.235294118,0.431372549,0.235294118,0,0,Chityal,Nalgonda,99.97076623
17.22,79.03,2022,51,0.294117647,0.235294118,0.431372549,0.235294118,1,1,Chityal,Nalgonda,99.97076623
17.22,79.03,2022,52,0.294117647,0.235294118,0.431372549,0.235294118,0,0,Chityal,Nalgonda,81.0
17.22,79.05,2022,48,0.058823529,0.019607843,0.0,0.0,0,0,Chityal,Nalgonda,60.58657442
17.23,78.27,2022,45,0.137254902,0.058823529,0.058823529,0.019607843,0,0,Shamshabad,Rangareddy,60.310118
17.23,78.81,2022,11,0.078431373,0.019607843,0.0,0.0,0,0,Ibrahimpatnam,Rangareddy,80.93216658
17.23,78.82,2022,11,0.078431373,0.019607843,0.0,0.0,0,0,Choutuppal,Yadadri Bhuvanagiri,80.93216658
17.24,78.27,2022,48,0.117647059,0.039215686,0.019607843,0.019607843,0,0,Shamshabad,Rangareddy,60.58657442
17.24,78.27,2022,50,0.117647059,0.039215686,0.019607843,0.019607843,0,0,Shamshabad,Rangareddy,60.58657442
17.24,78.8,2022,11,0.098039216,0.019607843,0.0,0.0,0,0,Ibrahimpatnam,Rangareddy,85.0
17.25,78.65,2022,8,0.117647059,0.058823529,0.098039216,0.058823529,0,0,Abdullapurmet,Rangareddy,68.88637261
17.25,78.82,2022,9,0.058823529,0.019607843,0.019607843,0.019607843,0,0,Choutuppal,Yadadri Bhuvanagiri,60.93216658
17.27,79.19,2022,18,0.058823529,0.019607843,0.039215686,0.019607843,0,0,Narketpally,Nalgonda,60.93216658
17.28,79.19,2022,18,0.137254902,0.058823529,0.215686275,0.058823529,0,0,Ramannapet,Yadadri Bhuvanagiri,81.21723365
17.28,79.2,2022,43,0.137254902,0.078431373,0.0,0.0,0,0,Ramannapet,Yadadri Bhuvanagiri,60.310118
17.35,78.12,2022,9,0.156862745,0.058823529,0.019607843,0.019607843,0,0,Chevella,Rangareddy,86.0
17.35,78.24,2022,9,0.176470588,0.019607843,0.0,0.0,0,0,Moinabad,Rangareddy,89.0
17.35,78.25,2022,9,0.058823529,0.019607843,0.019607843,0.019607843,0,0,Moinabad,Rangareddy,60.93216658
17.36,79.44,2022,20,0.058823529,0.019607843,0.0,0.0,0,0,Addagudur,Yadadri Bhuvanagiri,60.93216658
17.39,78.76,2022,22,0.058823529,0.019607843,0.0,0.0,0,0,Bibinagar,Yadadri Bhuvanagiri,60.93216658
17.4,78.11,2022,51,0.078431373,0.039215686,0.019607843,0.019607843,0,0,Shankarpalle,Rangareddy,60.58657442
17.41,78.28,2022,17,0.058823529,0.019607843,0.019607843,0.019607843,0,0,Shankarpalle,Rangareddy,60.93216658
17.44,78.34,2022,13,0.078431373,0.039215686,0.0,0.0,0,0,Serilingampalle,Rangareddy,68.88637261
17.73,78.97,2022,16,0.156862745,0.039215686,0.0,0.0,0,0,Rajapeta,Yadadri Bhuvanagiri,86.0
