year,week,latitude,longitude,common_feature,fire_count,fire
2001,4,83908.23,398192.21,5047,2.0,2
2001,6,83908.23,398192.21,5047,4.0,4
2001,8,83908.23,398192.21,5047,2.0,2
2001,9,83908.23,398192.21,5047,1.0,1
2001,14,83908.23,398192.21,5047,1.0,1
2001,21,83908.23,398192.21,5047,1.0,1
2002,9,83908.23,398192.21,5047,4.0,4
2002,51,83908.23,398192.21,5047,1.0,1
2002,52,83908.23,398192.21,5047,1.0,1
2003,2,83908.23,398192.21,5047,1.0,1
2003,3,83908.23,398192.21,5047,3.0,3
2003,4,83908.23,398192.21,5047,7.0,7
2003,5,83908.23,398192.21,5047,16.0,15
2003,6,83908.23,398192.21,5047,2.0,2
2003,7,83908.23,398192.21,5047,1.0,1
2003,8,83908.23,398192.21,5047,2.0,2
2003,10,83908.23,398192.21,5047,3.0,3
2003,11,83908.23,398192.21,5047,1.0,1
2003,19,83908.23,398192.21,5047,1.0,1
2003,21,83908.23,398192.21,5047,2.0,2
2003,22,83908.23,398192.21,5047,6.0,6
2004,2,83908.23,398192.21,5047,2.0,2
2004,4,83908.23,398192.21,5047,1.0,1
2004,7,83908.23,398192.21,5047,5.0,5
2004,8,83908.23,398192.21,5047,8.0,8
2004,9,83908.23,398192.21,5047,10.0,10
2004,10,83908.23,398192.21,5047,16.0,16
2004,11,83908.23,398192.21,5047,19.0,18
2004,12,83908.23,398192.21,5047,16.0,15
2004,13,83908.23,398192.21,5047,5.0,5
2004,16,83908.23,398192.21,5047,2.0,2
2004,49,83908.23,398192.21,5047,2.0,2
2004,50,83908.23,398192.21,5047,2.0,2
2004,51,83908.23,398192.21,5047,4.0,4
2004,52,83908.23,398192.21,5047,5.0,5
2005,1,83908.23,398192.21,5047,5.0,4
2005,2,83908.23,398192.21,5047,6.0,6
2005,3,83908.23,398192.21,5047,5.0,4
2005,4,83908.23,398192.21,5047,6.0,6
2005,6,83908.23,398192.21,5047,17.0,17
2005,7,83908.23,398192.21,5047,16.0,15
2005,8,83908.23,398192.21,5047,14.0,14
2005,9,83908.23,398192.21,5047,13.0,13
2005,11,83908.23,398192.21,5047,1.0,1
2005,12,83908.23,398192.21,5047,4.0,4
2005,13,83908.23,398192.21,5047,1.0,1
2006,5,83908.23,398192.21,5047,1.0,1
2006,6,83908.23,398192.21,5047,3.0,3
2006,7,83908.23,398192.21,5047,8.0,8
2006,8,83908.23,398192.21,5047,10.0,10
2006,9,83908.23,398192.21,5047,1.0,1
2006,10,83908.23,398192.21,5047,1.0,1
2006,11,83908.23,398192.21,5047,1.0,1
2006,12,83908.23,398192.21,5047,6.0,6
2006,13,83908.23,398192.21,5047,3.0,2
2006,14,83908.23,398192.21,5047,2.0,2
2006,19,83908.23,398192.21,5047,2.0,2
2006,21,83908.23,398192.21,5047,3.0,3
2006,47,83908.23,398192.21,5047,1.0,1
2006,48,83908.23,398192.21,5047,1.0,1
2006,49,83908.23,398192.21,5047,3.0,3
2006,51,83908.23,398192.21,5047,3.0,3
2006,52,83908.23,398192.21,5047,1.0,1
2007,2,83908.23,398192.21,5047,5.0,5
2007,3,83908.23,398192.21,5047,14.0,14
2007,4,83908.23,398192.21,5047,5.0,5
2007,5,83908.23,398192.21,5047,32.0,30
2007,6,83908.23,398192.21,5047,20.0,20
2007,7,83908.23,398192.21,5047,2.0,2
2007,8,83908.23,398192.21,5047,18.0,17
2007,9,83908.23,398192.21,5047,15.0,13
2007,10,83908.23,398192.21,5047,5.0,5
2007,11,83908.23,398192.21,5047,4.0,4
2007,12,83908.23,398192.21,5047,1.0,1
2007,13,83908.23,398192.21,5047,2.0,2
2007,17,83908.23,398192.21,5047,1.0,1
2007,20,83908.23,398192.21,5047,3.0,3
2007,22,83908.23,398192.21,5047,1.0,1
2007,49,83908.23,398192.21,5047,1.0,1
2008,1,83908.23,398192.21,5047,3.0,3
2008,2,83908.23,398192.21,5047,2.0,2
2008,3,83908.23,398192.21,5047,1.0,1
2008,4,83908.23,398192.21,5047,3.0,3
2008,5,83908.23,398192.21,5047,1.0,1
2008,6,83908.23,398192.21,5047,1.0,1
2008,7,83908.23,398192.21,5047,1.0,1
2008,8,83908.23,398192.21,5047,5.0,4
2008,9,83908.23,398192.21,5047,12.0,12
2008,10,83908.23,398192.21,5047,43.0,41
2008,11,83908.23,398192.21,5047,2.0,2
2008,12,83908.23,398192.21,5047,8.0,8
2008,17,83908.23,398192.21,5047,1.0,1
2008,18,83908.23,398192.21,5047,13.0,13
2008,19,83908.23,398192.21,5047,5.0,4
2008,20,83908.23,398192.21,5047,4.0,4
2008,21,83908.23,398192.21,5047,4.0,4
2008,22,83908.23,398192.21,5047,3.0,3
2008,23,83908.23,398192.21,5047,1.0,1
2008,28,83908.23,398192.21,5047,1.0,1
2008,51,83908.23,398192.21,5047,1.0,1
2009,4,83908.23,398192.21,5047,3.0,3
2009,5,83908.23,398192.21,5047,6.0,6
2009,6,83908.23,398192.21,5047,5.0,5
2009,7,83908.23,398192.21,5047,9.0,8
2009,8,83908.23,398192.21,5047,22.0,21
2009,9,83908.23,398192.21,5047,16.0,15
2009,10,83908.23,398192.21,5047,32.0,29
2009,11,83908.23,398192.21,5047,5.0,5
2009,12,83908.23,398192.21,5047,7.0,7
2009,14,83908.23,398192.21,5047,5.0,5
2009,15,83908.23,398192.21,5047,3.0,3
2009,17,83908.23,398192.21,5047,1.0,1
2009,19,83908.23,398192.21,5047,1.0,1
2009,20,83908.23,398192.21,5047,1.0,1
2009,21,83908.23,398192.21,5047,2.0,2
2009,22,83908.23,398192.21,5047,3.0,3
2009,23,83908.23,398192.21,5047,7.0,7
2009,24,83908.23,398192.21,5047,3.0,3
2009,26,83908.23,398192.21,5047,1.0,1
2009,32,83908.23,398192.21,5047,1.0,1
2010,6,83908.23,398192.21,5047,1.0,1
2010,9,83908.23,398192.21,5047,2.0,2
2010,10,83908.23,398192.21,5047,6.0,6
2010,11,83908.23,398192.21,5047,8.0,8
2010,13,83908.23,398192.21,5047,5.0,5
2010,14,83908.23,398192.21,5047,1.0,1
2010,16,83908.23,398192.21,5047,2.0,2
2010,19,83908.23,398192.21,5047,1.0,1
2010,22,83908.23,398192.21,5047,1.0,1
2010,50,83908.23,398192.21,5047,1.0,1
2011,4,83908.23,398192.21,5047,4.0,3
2011,5,83908.23,398192.21,5047,2.0,2
2011,6,83908.23,398192.21,5047,6.0,5
2011,7,83908.23,398192.21,5047,2.0,2
2011,9,83908.23,398192.21,5047,9.0,9
2011,10,83908.23,398192.21,5047,26.0,25
2011,11,83908.23,398192.21,5047,30.0,28
2011,12,83908.23,398192.21,5047,36.0,33
2011,13,83908.23,398192.21,5047,11.0,11
2011,14,83908.23,398192.21,5047,8.0,8
2011,15,83908.23,398192.21,5047,3.0,3
2011,18,83908.23,398192.21,5047,1.0,1
2011,19,83908.23,398192.21,5047,2.0,2
2011,20,83908.23,398192.21,5047,3.0,3
2011,21,83908.23,398192.21,5047,1.0,1
2011,47,83908.23,398192.21,5047,1.0,1
2011,48,83908.23,398192.21,5047,1.0,1
2011,50,83908.23,398192.21,5047,2.0,2
2011,51,83908.23,398192.21,5047,1.0,1
2011,52,83908.23,398192.21,5047,1.0,1
2012,1,83908.23,398192.21,5047,1.0,1
2012,3,83908.23,398192.21,5047,6.0,4
2012,4,83908.23,398192.21,5047,28.0,21
2012,5,83908.23,398192.21,5047,21.0,16
2012,6,83908.23,398192.21,5047,29.0,22
2012,7,83908.23,398192.21,5047,105.0,65
2012,8,83908.23,398192.21,5047,349.0,186
2012,9,83908.23,398192.21,5047,369.0,179
2012,10,83908.23,398192.21,5047,36.0,29
2012,11,83908.23,398192.21,5047,16.0,14
2012,12,83908.23,398192.21,5047,29.0,21
2012,13,83908.23,398192.21,5047,21.0,17
2012,14,83908.23,398192.21,5047,9.0,8
2012,15,83908.23,398192.21,5047,4.0,3
2012,16,83908.23,398192.21,5047,19.0,13
2012,17,83908.23,398192.21,5047,11.0,11
2012,18,83908.23,398192.21,5047,17.0,12
2012,19,83908.23,398192.21,5047,17.0,17
2012,20,83908.23,398192.21,5047,44.0,32
2012,21,83908.23,398192.21,5047,12.0,12
2012,22,83908.23,398192.21,5047,14.0,12
2012,23,83908.23,398192.21,5047,11.0,11
2012,24,83908.23,398192.21,5047,12.0,12
2012,25,83908.23,398192.21,5047,1.0,1
2012,26,83908.23,398192.21,5047,2.0,2
2012,27,83908.23,398192.21,5047,2.0,2
2012,32,83908.23,398192.21,5047,1.0,1
2012,33,83908.23,398192.21,5047,1.0,1
2012,39,83908.23,398192.21,5047,2.0,2
2012,40,83908.23,398192.21,5047,1.0,1
2012,41,83908.23,398192.21,5047,1.0,1
2012,42,83908.23,398192.21,5047,2.0,2
2012,43,83908.23,398192.21,5047,4.0,4
2012,45,83908.23,398192.21,5047,3.0,1
2012,46,83908.23,398192.21,5047,5.0,5
2012,47,83908.23,398192.21,5047,1.0,1
2012,48,83908.23,398192.21,5047,6.0,6
2012,49,83908.23,398192.21,5047,6.0,5
2012,50,83908.23,398192.21,5047,16.0,15
2012,51,83908.23,398192.21,5047,10.0,10
2012,52,83908.23,398192.21,5047,8.0,6
2013,1,83908.23,398192.21,5047,7.0,5
2013,2,83908.23,398192.21,5047,18.0,13
2013,3,83908.23,398192.21,5047,15.0,14
2013,4,83908.23,398192.21,5047,13.0,12
2013,5,83908.23,398192.21,5047,6.0,5
2013,6,83908.23,398192.21,5047,18.0,15
2013,7,83908.23,398192.21,5047,14.0,9
2013,8,83908.23,398192.21,5047,16.0,15
2013,9,83908.23,398192.21,5047,71.0,55
2013,10,83908.23,398192.21,5047,26.0,23
2013,11,83908.23,398192.21,5047,67.0,50
2013,12,83908.23,398192.21,5047,70.0,61
2013,13,83908.23,398192.21,5047,78.0,65
2013,14,83908.23,398192.21,5047,28.0,25
2013,15,83908.23,398192.21,5047,79.0,51
2013,16,83908.23,398192.21,5047,133.0,78
2013,17,83908.23,398192.21,5047,8.0,8
2013,18,83908.23,398192.21,5047,17.0,14
2013,19,83908.23,398192.21,5047,49.0,38
2013,20,83908.23,398192.21,5047,9.0,9
2013,21,83908.23,398192.21,5047,23.0,17
2013,22,83908.23,398192.21,5047,6.0,6
2013,24,83908.23,398192.21,5047,2.0,2
2013,25,83908.23,398192.21,5047,1.0,1
2013,26,83908.23,398192.21,5047,1.0,1
2013,27,83908.23,398192.21,5047,1.0,1
2013,31,83908.23,398192.21,5047,1.0,1
2013,37,83908.23,398192.21,5047,1.0,1
2013,42,83908.23,398192.21,5047,2.0,1
2013,45,83908.23,398192.21,5047,3.0,2
2013,46,83908.23,398192.21,5047,2.0,2
2013,47,83908.23,398192.21,5047,6.0,6
2013,48,83908.23,398192.21,5047,1.0,1
2013,49,83908.23,398192.21,5047,6.0,3
2013,50,83908.23,398192.21,5047,2.0,2
2013,51,83908.23,398192.21,5047,13.0,12
2013,52,83908.23,398192.21,5047,9.0,7
2014,1,83908.23,398192.21,5047,11.0,9
2014,2,83908.23,398192.21,5047,7.0,5
2014,3,83908.23,398192.21,5047,21.0,16
2014,4,83908.23,398192.21,5047,8.0,5
2014,5,83908.23,398192.21,5047,4.0,4
2014,6,83908.23,398192.21,5047,65.0,52
2014,7,83908.23,398192.21,5047,33.0,26
2014,8,83908.23,398192.21,5047,51.0,43
2014,9,83908.23,398192.21,5047,49.0,43
2014,10,83908.23,398192.21,5047,9.0,9
2014,11,83908.23,398192.21,5047,121.0,92
2014,12,83908.23,398192.21,5047,322.0,207
2014,13,83908.23,398192.21,5047,315.0,203
2014,14,83908.23,398192.21,5047,124.0,81
2014,15,83908.23,398192.21,5047,76.0,59
2014,16,83908.23,398192.21,5047,38.0,34
2014,17,83908.23,398192.21,5047,74.0,53
2014,18,83908.23,398192.21,5047,21.0,17
2014,19,83908.23,398192.21,5047,6.0,5
2014,20,83908.23,398192.21,5047,24.0,20
2014,21,83908.23,398192.21,5047,44.0,35
2014,22,83908.23,398192.21,5047,13.0,13
2014,23,83908.23,398192.21,5047,7.0,7
2014,24,83908.23,398192.21,5047,2.0,2
2014,25,83908.23,398192.21,5047,5.0,4
2014,26,83908.23,398192.21,5047,2.0,2
2014,27,83908.23,398192.21,5047,5.0,4
2014,32,83908.23,398192.21,5047,4.0,4
2014,33,83908.23,398192.21,5047,1.0,1
2014,34,83908.23,398192.21,5047,2.0,2
2014,36,83908.23,398192.21,5047,1.0,1
2014,40,83908.23,398192.21,5047,4.0,4
2014,41,83908.23,398192.21,5047,1.0,1
2014,42,83908.23,398192.21,5047,1.0,1
2014,44,83908.23,398192.21,5047,1.0,1
2014,45,83908.23,398192.21,5047,8.0,6
2014,46,83908.23,398192.21,5047,1.0,1
2014,47,83908.23,398192.21,5047,5.0,5
2014,48,83908.23,398192.21,5047,3.0,3
2014,49,83908.23,398192.21,5047,8.0,7
2014,50,83908.23,398192.21,5047,2.0,2
2014,51,83908.23,398192.21,5047,8.0,7
2014,52,83908.23,398192.21,5047,8.0,8
2015,2,83908.23,398192.21,5047,34.0,29
2015,3,83908.23,398192.21,5047,20.0,19
2015,4,83908.23,398192.21,5047,19.0,18
2015,5,83908.23,398192.21,5047,27.0,24
2015,6,83908.23,398192.21,5047,64.0,48
2015,7,83908.23,398192.21,5047,78.0,56
2015,8,83908.23,398192.21,5047,162.0,100
2015,9,83908.23,398192.21,5047,239.0,134
2015,10,83908.23,398192.21,5047,12.0,10
2015,11,83908.23,398192.21,5047,115.0,75
2015,12,83908.23,398192.21,5047,191.0,113
2015,13,83908.23,398192.21,5047,112.0,78
2015,14,83908.23,398192.21,5047,42.0,38
2015,15,83908.23,398192.21,5047,32.0,26
2015,16,83908.23,398192.21,5047,9.0,8
2015,17,83908.23,398192.21,5047,10.0,9
2015,18,83908.23,398192.21,5047,11.0,8
2015,19,83908.23,398192.21,5047,4.0,4
2015,20,83908.23,398192.21,5047,11.0,11
2015,21,83908.23,398192.21,5047,33.0,30
2015,22,83908.23,398192.21,5047,62.0,49
2015,23,83908.23,398192.21,5047,22.0,15
2015,27,83908.23,398192.21,5047,2.0,2
2015,28,83908.23,398192.21,5047,1.0,1
2015,30,83908.23,398192.21,5047,1.0,1
2015,31,83908.23,398192.21,5047,2.0,2
2015,39,83908.23,398192.21,5047,4.0,4
2015,42,83908.23,398192.21,5047,1.0,1
2015,43,83908.23,398192.21,5047,3.0,3
2015,44,83908.23,398192.21,5047,4.0,4
2015,45,83908.23,398192.21,5047,5.0,4
2015,46,83908.23,398192.21,5047,3.0,3
2015,48,83908.23,398192.21,5047,7.0,6
2015,49,83908.23,398192.21,5047,3.0,3
2015,50,83908.23,398192.21,5047,11.0,11
2015,51,83908.23,398192.21,5047,22.0,20
2015,52,83908.23,398192.21,5047,18.0,12
2015,53,83908.23,398192.21,5047,32.0,27
2016,1,83908.23,398192.21,5047,90.0,55
2016,2,83908.23,398192.21,5047,63.0,38
2016,3,83908.23,398192.21,5047,16.0,14
2016,4,83908.23,398192.21,5047,30.0,27
2016,5,83908.23,398192.21,5047,134.0,104
2016,6,83908.23,398192.21,5047,98.0,70
2016,7,83908.23,398192.21,5047,99.0,77
2016,8,83908.23,398192.21,5047,75.0,61
2016,9,83908.23,398192.21,5047,41.0,32
2016,10,83908.23,398192.21,5047,89.0,59
2016,11,83908.23,398192.21,5047,22.0,19
2016,12,83908.23,398192.21,5047,41.0,32
2016,13,83908.23,398192.21,5047,42.0,29
2016,14,83908.23,398192.21,5047,18.0,16
2016,15,83908.23,398192.21,5047,25.0,19
2016,16,83908.23,398192.21,5047,30.0,19
2016,17,83908.23,398192.21,5047,43.0,34
2016,18,83908.23,398192.21,5047,15.0,13
2016,19,83908.23,398192.21,5047,24.0,21
2016,20,83908.23,398192.21,5047,9.0,7
2016,21,83908.23,398192.21,5047,15.0,11
2016,22,83908.23,398192.21,5047,2.0,2
2016,23,83908.23,398192.21,5047,2.0,1
2016,24,83908.23,398192.21,5047,3.0,2
2016,25,83908.23,398192.21,5047,2.0,2
2016,28,83908.23,398192.21,5047,1.0,1
2016,30,83908.23,398192.21,5047,1.0,1
2016,32,83908.23,398192.21,5047,1.0,1
2016,33,83908.23,398192.21,5047,4.0,4
2016,34,83908.23,398192.21,5047,5.0,5
2016,39,83908.23,398192.21,5047,2.0,1
2016,41,83908.23,398192.21,5047,1.0,1
2016,42,83908.23,398192.21,5047,3.0,3
2016,43,83908.23,398192.21,5047,1.0,1
2016,44,83908.23,398192.21,5047,8.0,3
2016,45,83908.23,398192.21,5047,7.0,5
2016,46,83908.23,398192.21,5047,3.0,2
2016,47,83908.23,398192.21,5047,7.0,7
2016,48,83908.23,398192.21,5047,7.0,7
2016,50,83908.23,398192.21,5047,1.0,1
2016,51,83908.23,398192.21,5047,8.0,6
2016,52,83908.23,398192.21,5047,12.0,8
2016,53,83908.23,398192.21,5047,29.0,18
2017,1,83908.23,398192.21,5047,9.0,8
2017,2,83908.23,398192.21,5047,9.0,8
2017,3,83908.23,398192.21,5047,14.0,13
2017,4,83908.23,398192.21,5047,6.0,6
2017,5,83908.23,398192.21,5047,12.0,12
2017,6,83908.23,398192.21,5047,15.0,14
2017,7,83908.23,398192.21,5047,17.0,17
2017,8,83908.23,398192.21,5047,37.0,34
2017,9,83908.23,398192.21,5047,96.0,72
2017,10,83908.23,398192.21,5047,61.0,40
2017,11,83908.23,398192.21,5047,28.0,24
2017,12,83908.23,398192.21,5047,61.0,38
2017,13,83908.23,398192.21,5047,53.0,39
2017,14,83908.23,398192.21,5047,15.0,12
2017,15,83908.23,398192.21,5047,15.0,12
2017,16,83908.23,398192.21,5047,3.0,3
2017,17,83908.23,398192.21,5047,20.0,17
2017,18,83908.23,398192.21,5047,8.0,7
2017,19,83908.23,398192.21,5047,25.0,21
2017,20,83908.23,398192.21,5047,49.0,37
2017,21,83908.23,398192.21,5047,21.0,20
2017,22,83908.23,398192.21,5047,34.0,29
2017,23,83908.23,398192.21,5047,1.0,1
2017,25,83908.23,398192.21,5047,1.0,1
2017,30,83908.23,398192.21,5047,1.0,1
2017,31,83908.23,398192.21,5047,1.0,1
2017,35,83908.23,398192.21,5047,5.0,4
2017,41,83908.23,398192.21,5047,3.0,2
2017,44,83908.23,398192.21,5047,14.0,13
2017,45,83908.23,398192.21,5047,13.0,12
2017,46,83908.23,398192.21,5047,8.0,8
2017,47,83908.23,398192.21,5047,8.0,8
2017,48,83908.23,398192.21,5047,25.0,23
2017,49,83908.23,398192.21,5047,36.0,29
2017,50,83908.23,398192.21,5047,27.0,25
2017,51,83908.23,398192.21,5047,13.0,12
2017,52,83908.23,398192.21,5047,15.0,10
2018,1,83908.23,398192.21,5047,18.0,16
2018,2,83908.23,398192.21,5047,19.0,16
2018,3,83908.23,398192.21,5047,23.0,21
2018,4,83908.23,398192.21,5047,12.0,10
2018,5,83908.23,398192.21,5047,107.0,69
2018,6,83908.23,398192.21,5047,23.0,19
2018,7,83908.23,398192.21,5047,53.0,39
2018,8,83908.23,398192.21,5047,126.0,87
2018,9,83908.23,398192.21,5047,381.0,199
2018,10,83908.23,398192.21,5047,257.0,150
2018,11,83908.23,398192.21,5047,34.0,28
2018,12,83908.23,398192.21,5047,93.0,64
2018,13,83908.23,398192.21,5047,24.0,19
2018,14,83908.23,398192.21,5047,34.0,31
2018,15,83908.23,398192.21,5047,25.0,21
2018,16,83908.23,398192.21,5047,15.0,14
2018,17,83908.23,398192.21,5047,20.0,18
2018,18,83908.23,398192.21,5047,16.0,13
2018,19,83908.23,398192.21,5047,20.0,18
2018,20,83908.23,398192.21,5047,31.0,24
2018,21,83908.23,398192.21,5047,21.0,18
2018,22,83908.23,398192.21,5047,21.0,17
2018,23,83908.23,398192.21,5047,2.0,2
2018,24,83908.23,398192.21,5047,7.0,6
2018,25,83908.23,398192.21,5047,7.0,6
2018,27,83908.23,398192.21,5047,4.0,3
2018,31,83908.23,398192.21,5047,4.0,4
2018,32,83908.23,398192.21,5047,1.0,1
2018,35,83908.23,398192.21,5047,1.0,1
2018,37,83908.23,398192.21,5047,1.0,1
2018,38,83908.23,398192.21,5047,1.0,1
2018,39,83908.23,398192.21,5047,5.0,3
2018,40,83908.23,398192.21,5047,8.0,7
2018,41,83908.23,398192.21,5047,4.0,3
2018,42,83908.23,398192.21,5047,1.0,1
2018,43,83908.23,398192.21,5047,16.0,16
2018,44,83908.23,398192.21,5047,4.0,4
2018,45,83908.23,398192.21,5047,12.0,10
2018,46,83908.23,398192.21,5047,19.0,17
2018,47,83908.23,398192.21,5047,23.0,21
2018,48,83908.23,398192.21,5047,12.0,12
2018,49,83908.23,398192.21,5047,6.0,5
2018,50,83908.23,398192.21,5047,11.0,9
2018,51,83908.23,398192.21,5047,8.0,8
2018,52,83908.23,398192.21,5047,40.0,29
2019,1,83908.23,398192.21,5047,20.0,18
2019,2,83908.23,398192.21,5047,23.0,21
2019,3,83908.23,398192.21,5047,29.0,22
2019,4,83908.23,398192.21,5047,30.0,24
2019,5,83908.23,398192.21,5047,14.0,12
2019,6,83908.23,398192.21,5047,47.0,34
2019,7,83908.23,398192.21,5047,78.0,62
2019,8,83908.23,398192.21,5047,207.0,105
2019,9,83908.23,398192.21,5047,101.0,62
2019,10,83908.23,398192.21,5047,117.0,68
2019,11,83908.23,398192.21,5047,198.0,93
2019,12,83908.23,398192.21,5047,46.0,33
2019,13,83908.23,398192.21,5047,39.0,27
2019,14,83908.23,398192.21,5047,27.0,22
2019,15,83908.23,398192.21,5047,8.0,7
2019,16,83908.23,398192.21,5047,7.0,7
2019,17,83908.23,398192.21,5047,11.0,9
2019,18,83908.23,398192.21,5047,17.0,12
2019,19,83908.23,398192.21,5047,49.0,32
2019,20,83908.23,398192.21,5047,43.0,37
2019,21,83908.23,398192.21,5047,41.0,32
2019,22,83908.23,398192.21,5047,32.0,26
2019,23,83908.23,398192.21,5047,10.0,10
2019,24,83908.23,398192.21,5047,3.0,3
2019,25,83908.23,398192.21,5047,10.0,7
2019,26,83908.23,398192.21,5047,2.0,2
2019,28,83908.23,398192.21,5047,1.0,1
2019,29,83908.23,398192.21,5047,5.0,4
2019,33,83908.23,398192.21,5047,1.0,1
2019,34,83908.23,398192.21,5047,1.0,1
2019,35,83908.23,398192.21,5047,3.0,3
2019,39,83908.23,398192.21,5047,1.0,1
2019,41,83908.23,398192.21,5047,2.0,2
2019,43,83908.23,398192.21,5047,2.0,1
2019,44,83908.23,398192.21,5047,2.0,2
2019,45,83908.23,398192.21,5047,6.0,6
2019,46,83908.23,398192.21,5047,8.0,8
2019,47,83908.23,398192.21,5047,6.0,5
2019,48,83908.23,398192.21,5047,10.0,9
2019,49,83908.23,398192.21,5047,10.0,9
2019,50,83908.23,398192.21,5047,18.0,16
2019,51,83908.23,398192.21,5047,21.0,19
2019,52,83908.23,398192.21,5047,13.0,11
2020,1,83908.23,398192.21,5047,5.0,5
2020,2,83908.23,398192.21,5047,16.0,9
2020,3,83908.23,398192.21,5047,28.0,20
2020,4,83908.23,398192.21,5047,33.0,22
2020,5,83908.23,398192.21,5047,23.0,18
2020,6,83908.23,398192.21,5047,54.0,39
2020,7,83908.23,398192.21,5047,61.0,41
2020,8,83908.23,398192.21,5047,89.0,72
2020,9,83908.23,398192.21,5047,84.0,72
2020,10,83908.23,398192.21,5047,118.0,88
2020,11,83908.23,398192.21,5047,151.0,107
2020,12,83908.23,398192.21,5047,131.0,87
2020,13,83908.23,398192.21,5047,599.0,288
2020,14,83908.23,398192.21,5047,265.0,174
2020,15,83908.23,398192.21,5047,69.0,55
2020,16,83908.23,398192.21,5047,116.0,80
2020,17,83908.23,398192.21,5047,88.0,59
2020,18,83908.23,398192.21,5047,60.0,53
2020,19,83908.23,398192.21,5047,89.0,73
2020,20,83908.23,398192.21,5047,86.0,62
2020,21,83908.23,398192.21,5047,39.0,34
2020,22,83908.23,398192.21,5047,49.0,40
2020,23,83908.23,398192.21,5047,17.0,14
2020,24,83908.23,398192.21,5047,6.0,3
2020,26,83908.23,398192.21,5047,8.0,6
2020,28,83908.23,398192.21,5047,3.0,2
2020,29,83908.23,398192.21,5047,1.0,1
2020,30,83908.23,398192.21,5047,4.0,3
2020,35,83908.23,398192.21,5047,2.0,2
2020,36,83908.23,398192.21,5047,3.0,3
2020,37,83908.23,398192.21,5047,2.0,2
2020,39,83908.23,398192.21,5047,1.0,1
2020,40,83908.23,398192.21,5047,1.0,1
2020,41,83908.23,398192.21,5047,2.0,2
2020,43,83908.23,398192.21,5047,5.0,4
2020,44,83908.23,398192.21,5047,28.0,18
2020,45,83908.23,398192.21,5047,49.0,28
2020,46,83908.23,398192.21,5047,36.0,32
2020,47,83908.23,398192.21,5047,34.0,28
2020,48,83908.23,398192.21,5047,4.0,3
2020,49,83908.23,398192.21,5047,34.0,28
2020,50,83908.23,398192.21,5047,71.0,58
2020,51,83908.23,398192.21,5047,30.0,26
2020,52,83908.23,398192.21,5047,34.0,29
2020,53,83908.23,398192.21,5047,18.0,13
2021,1,83908.23,398192.21,5047,24.0,16
2021,2,83908.23,398192.21,5047,33.0,17
2021,3,83908.23,398192.21,5047,47.0,35
2021,4,83908.23,398192.21,5047,45.0,39
2021,5,83908.23,398192.21,5047,103.0,65
2021,6,83908.23,398192.21,5047,161.0,99
2021,7,83908.23,398192.21,5047,158.0,98
2021,8,83908.23,398192.21,5047,223.0,120
2021,9,83908.23,398192.21,5047,764.0,293
2021,10,83908.23,398192.21,5047,682.0,257
2021,11,83908.23,398192.21,5047,400.0,176
2021,12,83908.23,398192.21,5047,404.0,170
2021,13,83908.23,398192.21,5047,279.0,121
2021,14,83908.23,398192.21,5047,52.0,43
2021,15,83908.23,398192.21,5047,42.0,34
2021,16,83908.23,398192.21,5047,22.0,18
2021,17,83908.23,398192.21,5047,33.0,25
2021,18,83908.23,398192.21,5047,48.0,41
2021,19,83908.23,398192.21,5047,23.0,22
2021,20,83908.23,398192.21,5047,55.0,51
2021,21,83908.23,398192.21,5047,40.0,36
2021,22,83908.23,398192.21,5047,25.0,20
2021,23,83908.23,398192.21,5047,14.0,14
2021,24,83908.23,398192.21,5047,6.0,6
2021,25,83908.23,398192.21,5047,4.0,4
2021,26,83908.23,398192.21,5047,1.0,1
2021,27,83908.23,398192.21,5047,3.0,3
2021,28,83908.23,398192.21,5047,1.0,1
2021,31,83908.23,398192.21,5047,7.0,7
2021,32,83908.23,398192.21,5047,2.0,2
2021,33,83908.23,398192.21,5047,1.0,1
2021,34,83908.23,398192.21,5047,2.0,2
2021,37,83908.23,398192.21,5047,3.0,3
2021,39,83908.23,398192.21,5047,3.0,3
2021,40,83908.23,398192.21,5047,5.0,2
2021,41,83908.23,398192.21,5047,2.0,2
2021,42,83908.23,398192.21,5047,12.0,11
2021,43,83908.23,398192.21,5047,19.0,15
2021,44,83908.23,398192.21,5047,5.0,3
2021,45,83908.23,398192.21,5047,7.0,5
2021,47,83908.23,398192.21,5047,6.0,5
2021,48,83908.23,398192.21,5047,23.0,18
2021,49,83908.23,398192.21,5047,10.0,6
2021,50,83908.23,398192.21,5047,21.0,19
2021,51,83908.23,398192.21,5047,28.0,23
2021,52,83908.23,398192.21,5047,16.0,13
2021,53,83908.23,398192.21,5047,13.0,9
2022,1,83908.23,398192.21,5047,18.0,14
2022,2,83908.23,398192.21,5047,5.0,5
2022,3,83908.23,398192.21,5047,22.0,22
2022,4,83908.23,398192.21,5047,27.0,18
2022,5,83908.23,398192.21,5047,56.0,42
2022,6,83908.23,398192.21,5047,49.0,38
2022,7,83908.23,398192.21,5047,67.0,41
2022,8,83908.23,398192.21,5047,140.0,64
2022,9,83908.23,398192.21,5047,473.0,205
2022,10,83908.23,398192.21,5047,876.0,318
2022,11,83908.23,398192.21,5047,696.0,273
2022,12,83908.23,398192.21,5047,40.0,31
2022,13,83908.23,398192.21,5047,36.0,28
2022,14,83908.23,398192.21,5047,35.0,25
2022,15,83908.23,398192.21,5047,10.0,9
2022,16,83908.23,398192.21,5047,48.0,38
2022,17,83908.23,398192.21,5047,47.0,36
2022,18,83908.23,398192.21,5047,33.0,28
2022,19,83908.23,398192.21,5047,31.0,23
2022,20,83908.23,398192.21,5047,37.0,33
2022,21,83908.23,398192.21,5047,80.0,67
2022,22,83908.23,398192.21,5047,72.0,57
2022,23,83908.23,398192.21,5047,38.0,34
2022,24,83908.23,398192.21,5047,20.0,17
2022,25,83908.23,398192.21,5047,1.0,1
2022,27,83908.23,398192.21,5047,1.0,1
2022,28,83908.23,398192.21,5047,1.0,1
2022,30,83908.23,398192.21,5047,6.0,1
2022,31,83908.23,398192.21,5047,8.0,3
2022,33,83908.23,398192.21,5047,1.0,1
2022,35,83908.23,398192.21,5047,1.0,1
2022,36,83908.23,398192.21,5047,1.0,1
2022,37,83908.23,398192.21,5047,5.0,4
2022,38,83908.23,398192.21,5047,6.0,5
2022,41,83908.23,398192.21,5047,2.0,1
2022,42,83908.23,398192.21,5047,2.0,2
2022,43,83908.23,398192.21,5047,21.0,13
2022,44,83908.23,398192.21,5047,18.0,16
2022,45,83908.23,398192.21,5047,33.0,27
2022,46,83908.23,398192.21,5047,49.0,45
2022,47,83908.23,398192.21,5047,16.0,16
2022,48,83908.23,398192.21,5047,33.0,28
2022,49,83908.23,398192.21,5047,20.0,18
2022,50,83908.23,398192.21,5047,10.0,10
2022,51,83908.23,398192.21,5047,26.0,24
2022,52,83908.23,398192.21,5047,14.0,10
